id,created_at,favorite_count,retweet_count,text
1375336220503465985,Fri Mar 26 06:38:02 +0000 2021,0,0,RT @bzdarling: Me at Tesla showroom with $1375 and an eighth https://t.co/ctaZQYRxzl
1375336220734058499,Fri Mar 26 06:38:02 +0000 2021,0,0,SpaceX Falcon 9 rocket failure creates spectacular light show for Vancouver https://t.co/GgwYsjt0Dn @SpacedOutRadio  #spacedoutradio
1375336225389871104,Fri Mar 26 06:38:03 +0000 2021,0,0,"@elonmusk Dear @elonmusk  and when the scandal is difficult  to solve  called it  ""Elongated""
üòÄü§èü§èüí•"
1375336226396401667,Fri Mar 26 06:38:03 +0000 2021,0,0,"RT @AMaffeiWX: FYI: If you are in the Pacific Northwest (Washington, Oregon, and California) and saw something reentering the atmosphere...‚Ä¶"
1375336230641094658,Fri Mar 26 06:38:04 +0000 2021,0,0,"@ABlackPunk @astroride2000 @brianstelter @Watchdogsniffer @planet4589 @SpaceX It isn't a one time thing, this happens a lot, not just spacecraft, but an estimated 25 million meteoroids, micrometeoroids, &amp; other space debris enter the atmosphere every day, a very high % of that burns up &amp; never actually hits earth"
1375336233304432645,Fri Mar 26 06:38:05 +0000 2021,0,0,@DieselQueen1979 @SpaceX so mad i missed it i think i was on the roof then
1375336235116294144,Fri Mar 26 06:38:05 +0000 2021,0,0,"RT @flurtft: @elonmusk giving away $100 in #bitcoin, just retweet this and check my profile to check that i am legit. also giving away $100‚Ä¶"
1375336237737914373,Fri Mar 26 06:38:06 +0000 2021,0,0,Elon Musk liked a tweet from Pranay Pathole https://t.co/yADXwAz1Y5
1375336238417240069,Fri Mar 26 06:38:06 +0000 2021,0,0,"RT @ThePlanetaryGuy: This is the @SpaceX Falcon 9 second stage from a March 4th launch, learning what it is like to kiss the upper atmosphe‚Ä¶"
1375336238941679617,Fri Mar 26 06:38:06 +0000 2021,0,0,"Elon Musk Violated Labor Laws With 2018 Tweet, Tesla Ordered To Reinstate Union Activist $TSLA https://t.co/sof9lfk67Y via @benzinga"
1375336240313217024,Fri Mar 26 06:38:06 +0000 2021,0,0,"RT @PPathole: In 2008, @elonmusk had to borrow money from friends for paying his rent. He basically invested all the money he had from PayP‚Ä¶"
1375336247183335425,Fri Mar 26 06:38:08 +0000 2021,0,0,"RT @JohnCleese: Portable. 0 Deaths. Authentic. Instant Wealth. Very light. Your choice is obvious! 
@jimcramer
@MadMoneyOnCNBC
@justinsuntr‚Ä¶"
1375336249909723138,Fri Mar 26 06:38:09 +0000 2021,0,0,RT @bzdarling: Me at Tesla showroom with $1375 and an eighth https://t.co/ctaZQYRxzl
1375336250794774529,Fri Mar 26 06:38:09 +0000 2021,0,0,RT @bzdarling: Me at Tesla showroom with $1375 and an eighth https://t.co/ctaZQYRxzl
1375336251671281664,Fri Mar 26 06:38:09 +0000 2021,0,0,RT @UFOcommunity: Dazzling sky show over (USA) Pacific Northwest tonight was @SpaceX rocket booster falling out of orbit - #Falcon9 https:/‚Ä¶
1375336255643381762,Fri Mar 26 06:38:10 +0000 2021,0,0,@elonmusk Elon chokeüòÇüòÇ
1375336256633143296,Fri Mar 26 06:38:10 +0000 2021,0,0,"@NuclearAnthro @ContextSans @QuinnyPig Whatever happened to that secret Nikola Tesla earthquake machine? Let's set up some standing harmonics, liquefy the sandbank, and shove it outta there with a big'ol magnet."
1375336257874759686,Fri Mar 26 06:38:11 +0000 2021,0,0,RT @MorePerfectUS: BREAKING: Elon Musk illegally fired a pro-union Tesla worker &amp; threatened to strip employees of benefits if they formed‚Ä¶
1375336258814287872,Fri Mar 26 06:38:11 +0000 2021,0,0,RT @philthatremains: He should retweet it.
1375336259443392512,Fri Mar 26 06:38:11 +0000 2021,0,0,@BigTechAlert @elonmusk @TheOnion About time.
1375336259648819215,Fri Mar 26 06:38:11 +0000 2021,0,0,RT @SPACEdotcom: NASA astronauts get up-close look at SpaceX's Starship SN11 prototype (photo) https://t.co/lRS17IEayY https://t.co/nMviB8i‚Ä¶
1375336259695022080,Fri Mar 26 06:38:11 +0000 2021,0,0,"RT @kushtoby: What happens when you combine the riches of Elon Musk and Bill Gates?

The money ElonGates. https://t.co/xtsoBCZ9V6"
1375336262626799617,Fri Mar 26 06:38:12 +0000 2021,0,0,@SirBumbles @elonmusk take a look at the #beeple art tho when u are. it‚Äôs v cool :)
1375336267077054466,Fri Mar 26 06:38:13 +0000 2021,0,0,@memescryptor @CorinnaKopf @elonmusk @itsALLrisky @MattWallace888 Ass n heels like snacks before a meal
1375336269690105858,Fri Mar 26 06:38:13 +0000 2021,0,0,"RT @anniepoorch: Here are my Oranges to brighten your eveningüòä.  Follow to unlock my DMüçÜüçë

Airtime #BugsBunnychallenge Tom and Jerry #BBNai‚Ä¶"
1375336279324323847,Fri Mar 26 06:38:16 +0000 2021,0,0,@elonmusk Eth
1375336280565944321,Fri Mar 26 06:38:16 +0000 2021,0,0,RT @tweetsoutloud: Heck of a reentry here from a SpaceX rocket
1375336288296009729,Fri Mar 26 06:38:18 +0000 2021,0,0,"@elonmusk We should take care of our world, instead of reaping it to peaces and making a mars from it"
1375336295333908484,Fri Mar 26 06:38:19 +0000 2021,0,0,RT @MorePerfectUS: BREAKING: Elon Musk illegally fired a pro-union Tesla worker &amp; threatened to strip employees of benefits if they formed‚Ä¶
1375336299520008201,Fri Mar 26 06:38:20 +0000 2021,0,0,"#AskElon
@elonmusk"
1375336299654127616,Fri Mar 26 06:38:21 +0000 2021,0,0,@elonmusk Hello Musk
1375336301860253699,Fri Mar 26 06:38:21 +0000 2021,0,0,Tesla„ÅÆÂÇ∑„Å®„ÅãÈ£õ„Å≥Áü≥„Å´‰Ωø„Åà„ÇãÂ∞ÇÁî®„ÅÆ„Çø„ÉÉ„ÉÅ„Éö„Ç§„É≥„Éà„ÅÇ„Çä„Åæ„Åõ„Çì„Åß„Åó„Åü„Å£„ÅëÔºüÔºüÔºü
1375336302984450051,Fri Mar 26 06:38:21 +0000 2021,0,0,@elonmusk https://t.co/Ttg9nyBFbs
1375336304955719681,Fri Mar 26 06:38:22 +0000 2021,0,0,"RT @cryptoneo17: #giveaway 50$ or 1000 #DogeCoins 

RT and Follow @Amadogecom 

#dogearmy sells first Tesla for #dogecoin via @Amadogecom a‚Ä¶"
1375336306176356356,Fri Mar 26 06:38:22 +0000 2021,0,0,"RT @Marvy___: Her joy knew no bounds

Ebuka #BBNaija #Henrygives Tinubu lakers #BugsBunnychallenge #lautech Elon violence Nengi and payport‚Ä¶"
1375336306960703489,Fri Mar 26 06:38:22 +0000 2021,0,0,@SteveSeow @WyzeCam @elonmusk Yes is it.. Starlink Falcon 9 failed deorbit .. even better catch!! ü§ò
1375336307098931201,Fri Mar 26 06:38:22 +0000 2021,0,0,"@Block385 @PancakeSwap @elonmusk 
@kimbal 
@mayemusk"
1375336312308400128,Fri Mar 26 06:38:24 +0000 2021,0,0,"RT @TheOnion: Elon Musk, Texas: Apartheid. https://t.co/xzOglJuRyV https://t.co/SSlqHlD3sM"
1375336314149687296,Fri Mar 26 06:38:24 +0000 2021,0,0,"RT @EternalBull2: @elonmusk Strap in! We're going places soon

Preparing to make $DVG my biggest yetüí∞

Most potential coin out there and ea‚Ä¶"
1375336313763688449,Fri Mar 26 06:38:24 +0000 2021,0,0,BREAKING‚ö°üôÇ #edmonton #yeg #tesla job openings below https://t.co/pyjRziDWcj
1375336316414664705,Fri Mar 26 06:38:25 +0000 2021,0,0,RT @MorePerfectUS: BREAKING: Elon Musk illegally fired a pro-union Tesla worker &amp; threatened to strip employees of benefits if they formed‚Ä¶
1375336316741820419,Fri Mar 26 06:38:25 +0000 2021,0,0,"@Tesla @elonmusk @EPavlic @MinimalDuck @_better_e Hi! Please üôèüèª open Superchargers in Ukraine, ukrainian #Tesla owners is waiting"
1375336316901097473,Fri Mar 26 06:38:25 +0000 2021,0,0,"@CrypticMessang1 @FinanceGoose @TyphoonCrypto Have a look for some people with posts you like under #DeFi, #BSC or #CryptoCurrency - You can tag any 3 people on twitter, @elonmusk perhaps? üöÄ"
1375336319161864197,Fri Mar 26 06:38:25 +0000 2021,0,0,"@thefracasso @elonmusk @elonmusk for me too, ty S2"
1375336319665065984,Fri Mar 26 06:38:25 +0000 2021,0,0,"RT @LinkCrypto1: @CorinnaKopf @elonmusk Better get on that! @CorinnaKopf

@elonmusk you should get her to keep her promise on that! ü§£

@coi‚Ä¶"
1375336325956599816,Fri Mar 26 06:38:27 +0000 2021,0,0,RT @NWSMedford: We believe this is some type of space debris not a meteor.  We'll wait for official confirmation from @NASA or @SpaceX
1375336328339013633,Fri Mar 26 06:38:27 +0000 2021,0,0,@elonmusk Die mad lol
1375336334978600960,Fri Mar 26 06:38:29 +0000 2021,0,0,"@Erdayastronaut @considercosmos @SpacePadreIsle @andrutay @bstineman @SpaceX @yousuckMZ @yousuck2020 That is one crazy setup Tim! Wow! 

""Remember, he'll read anything you put on the teleprompter""."
1375336339210711041,Fri Mar 26 06:38:30 +0000 2021,0,0,@chicago_glenn @elonmusk This is me while viewing Elon lol https://t.co/NHvJcY3ZAF
1375336344923242499,Fri Mar 26 06:38:31 +0000 2021,0,0,"RT @TheOnion: Elon Musk, Texas: Apartheid. https://t.co/xzOglJuRyV https://t.co/SSlqHlD3sM"
1375336346387091460,Fri Mar 26 06:38:32 +0000 2021,0,0,RT @Kristennetten: The ‚Äúno handle‚Äù door system as shown by a @Tesla Roadster. @elonmusk https://t.co/dW7eycO8J7
1375336346844270594,Fri Mar 26 06:38:32 +0000 2021,0,0,@RetroHero64 @Nullxiety @calebrylanYT hate to tell ya but elon musk is the richest :/
1375336349557997570,Fri Mar 26 06:38:32 +0000 2021,0,0,"RT @Pivotal_Capital: The Musk PR Mafia has been working tirelessly to scrub this video from the internet, I saved a copy and uploaded it to‚Ä¶"
1375336352640720899,Fri Mar 26 06:38:33 +0000 2021,0,0,RT @Not_the_Bee: Researchers tricked Tesla vehicles into going 85 in a 35 using a little black tape. https://t.co/p1D5LzFQ8g
1375336353508941831,Fri Mar 26 06:38:33 +0000 2021,0,0,"RT @Teslaconomics: People spend so much time researching and comparing prices for hotels, furniture, etc. but are willing to easily spend $‚Ä¶"
1375336355362902017,Fri Mar 26 06:38:34 +0000 2021,0,0,"RT @HansLak: Very interesting food for thought on #VW #eMobility when will #Tesla and #Volkswagen close the collaboration gap? 
#Charging #‚Ä¶"
1375336355933253632,Fri Mar 26 06:38:34 +0000 2021,0,0,RT @magmalaya: Yo. Bendera Malaysia. Why? How? What happened?
1375336356679987202,Fri Mar 26 06:38:34 +0000 2021,0,0,RT @elonmusk: Mars rover looking back https://t.co/oaFOCezRuU
1375336362870771712,Fri Mar 26 06:38:36 +0000 2021,0,0,"RT @mn_lastborn: J Cole - Some niggas make millions, other niggas make memes...

Elon Musk - making billions and memes.

J Cole - https://t‚Ä¶"
1375336363344584705,Fri Mar 26 06:38:36 +0000 2021,0,0,RT @magmalaya: Yo. Bendera Malaysia. Why? How? What happened?
1375336364548456448,Fri Mar 26 06:38:36 +0000 2021,0,0,Tesla-Gr√ºnder: ‚ÄûShame on ZDF Info‚Äú ‚Äì Elon Musk legt sich mit ‚ÄûFrontal 21‚Äú an https://t.co/U10TV9nkIO via @welt. Elon Musk ist voll im Recht. Immer wieder werden verschiedene Institutionen geschickt um den Bauplan zu erschweren und somit hat er recht wenn er sagt ‚Äûsch√§mt euch ‚Äû
1375336369476706309,Fri Mar 26 06:38:37 +0000 2021,0,0,"RT @Indirakkdi: ""Texla"" brand ambassador from Srirangapatna üòú
Elon Musk considering to rename it.

@surnell @BroadWit @vschanna https://t.c‚Ä¶"
1375336374556057601,Fri Mar 26 06:38:38 +0000 2021,0,0,"RT @Chelsea_Fagan: The only thing that would make this Suez Canal ship story better is if Elon Musk inserted himself into the situation, lo‚Ä¶"
1375336375977918464,Fri Mar 26 06:38:39 +0000 2021,0,0,we all agree that we hate Elon Musk right?!
1375336376917323783,Fri Mar 26 06:38:39 +0000 2021,0,0,"@elonmusk @TheOnion @TheBabylonBee oh no, Space Boer mad"
1375336376967700481,Fri Mar 26 06:38:39 +0000 2021,0,0,"RT @cryptoneo17: #giveaway 50$ or 1000 #DogeCoins 

RT and Follow @Amadogecom 

#dogearmy sells first Tesla for #dogecoin via @Amadogecom a‚Ä¶"
1375336378255482880,Fri Mar 26 06:38:39 +0000 2021,0,0,@elonmusk dey calling u
1375336379270508547,Fri Mar 26 06:38:39 +0000 2021,0,0,"The ""meteor"" was more failure from Musk and SpaceX. At least it was just pretty and apparently harmless failure this time."
1375336381241729024,Fri Mar 26 06:38:40 +0000 2021,0,0,"@elonmusk 
@mayemusk 
@kimbal"
1375336382302801931,Fri Mar 26 06:38:40 +0000 2021,0,0,"@elonmusk DeFi is different from traditional banking in one major aspect, it is decentralized. In a traditional banking system, people or organizations take loans (borrow) from financial institutions and these institutions give loans (Lend). https://t.co/SNQQQ3Esfo"
1375336384685297666,Fri Mar 26 06:38:41 +0000 2021,0,0,"@MattTheShy @wilcanfly @emissaryofwind @elonmusk I never said ""Musk solves everything"". Au contraire! Elon's companies are working hard to solve some existential threats to humankind. But the original posting faulted him for not solving the hunger issue. It's not in his domain. Doing something is better than nothing"
1375336385104605190,Fri Mar 26 06:38:41 +0000 2021,0,0,"RT @TheOnion: Elon Musk, Texas: Apartheid. https://t.co/xzOglJuRyV https://t.co/SSlqHlD3sM"
1375336388996960257,Fri Mar 26 06:38:42 +0000 2021,0,0,RT @EvaFoxU: @elonmusk Art by Timothystewartshow/Reddit üíô https://t.co/ZUBzcYvrht
1375336389299085315,Fri Mar 26 06:38:42 +0000 2021,0,0,RT @yosoycrypto55: HOLO QTUM ONE and GVT WILL BE BIGGER THAN YOU THINK..They will not have a roof  369  333HZ  @qtum_or_kr  @qtum @artbrock‚Ä¶
1375336391421267971,Fri Mar 26 06:38:42 +0000 2021,0,0,"RT @tslaspacex: @elonmusk 
tsla = btc = doge
0.0"
1375336392889405441,Fri Mar 26 06:38:43 +0000 2021,0,0,RT @elonmusk: Mars rover looking back https://t.co/oaFOCezRuU
1375336394457968642,Fri Mar 26 06:38:43 +0000 2021,0,0,"RT @brianstelter: According to @planet4589, what folks saw in the Pacific NW sky was part of SpaceX's Falcon 9 that ""failed to make a deorb‚Ä¶"
1375336397452636164,Fri Mar 26 06:38:44 +0000 2021,0,0,"@KATUNews @OMSI This is the upper section of a SpaceX Falcon 9 rocket breaking up in the atmosphere. Normally that part of rocket intentionally falls into the atmosphere above the ocean, but it failed to do that for unknown reasons and eventually burned up above here."
1375336401642921985,Fri Mar 26 06:38:45 +0000 2021,0,0,RT @Hope_Rules: There is Federal Reserve and then there is Un-Federal Reserve! @Unfederalreser1 $eRSDL B2B lending defi platform. Launching‚Ä¶
1375336403182051335,Fri Mar 26 06:38:45 +0000 2021,0,0,RT @LeftAtLondon: This one‚Äôs called: Elon Musk goes back in time https://t.co/G5mSJxKSNH
1375336404155125762,Fri Mar 26 06:38:45 +0000 2021,0,0,@elonmusk @TheBabylonBee Please tell me the boring company is working on this üëÄ
1375336405770076160,Fri Mar 26 06:38:46 +0000 2021,0,0,"RT @PPathole: In 2008, @elonmusk had to borrow money from friends for paying his rent. He basically invested all the money he had from PayP‚Ä¶"
1375336406428565505,Fri Mar 26 06:38:46 +0000 2021,0,0,@TheRoaringKitty Im going to send you a 100$ bill to sign so i can hang it up on a wall in my mansion right next to where i park my Tesla roadster and space shuttle and dirtbike much love üôåüèºüöÄ
1375336406743199744,Fri Mar 26 06:38:46 +0000 2021,0,0,The U.S. Labor Commission must delete Tesla CEO Elon Musk‚Äôs anti-union tweets since¬†2018 https://t.co/CaDOX6rf7w
1375336411470123008,Fri Mar 26 06:38:47 +0000 2021,0,0,"RT @PPathole: In 2008, @elonmusk had to borrow money from friends for paying his rent. He basically invested all the money he had from PayP‚Ä¶"
1375336412539613186,Fri Mar 26 06:38:47 +0000 2021,0,0,RT @ByMikeBaker: Some incredible footage of the (apparent) SpaceX debris hurtling over the Pacific Northwest tonight
1375336413340786689,Fri Mar 26 06:38:48 +0000 2021,0,0,RT @robrousseau: #Elongate https://t.co/ptRUM5JYKp https://t.co/B3uostQvFo
1375336413592395778,Fri Mar 26 06:38:48 +0000 2021,0,0,"@elonmusk In DeFi, people themselves can lend their cryptocurrencies and earn interest income, while others can borrow money either from the DeFi finance platform or other lending users."
1375336414687059969,Fri Mar 26 06:38:48 +0000 2021,0,0,RT @mirekbujna: BREAKING: #Tesla is supposedly going to open Superchargers for non-Tesla EVs. Requirements? Adapter and the Tesla app. Pric‚Ä¶
1375336418407411714,Fri Mar 26 06:38:49 +0000 2021,0,0,"RT @JavierHerzandez: @magmalaya This fact is remain unknown by a lot of Malaysian! The first SpaceX rocket was actually launched in Besut,‚Ä¶"
1375336418684366848,Fri Mar 26 06:38:49 +0000 2021,0,0,RT @MorePerfectUS: BREAKING: Elon Musk illegally fired a pro-union Tesla worker &amp; threatened to strip employees of benefits if they formed‚Ä¶
1375336419355398144,Fri Mar 26 06:38:49 +0000 2021,0,0,"RT @justinsuntron: üì¢@HuobiGlobal will soon launch #TRX, #BTT, #JST, and #SUN trading campaigns with Tesla Model Y and 200,000 USDT as rewar‚Ä¶"
1375336420722798593,Fri Mar 26 06:38:49 +0000 2021,0,0,"RT @WholeMarsBlog: guys i‚Äôm telling you. FSD is the biggest thing ever. super bullish on this. 

nobody gets it, but I know what i‚Äôve seen.‚Ä¶"
1375336422354341890,Fri Mar 26 06:38:50 +0000 2021,0,0,"@BrandonLive @eloimauri @elonmusk Millions of people are happy users of Bitcoin. It means, mining is useful, as it makes Bitcoin possible. BTW, your own employer is using it (Microsoft's ION is running on Bitcoin mainnet): https://t.co/UFjP4kBoNx"
1375336423146983428,Fri Mar 26 06:38:50 +0000 2021,0,0,RT @elonmusk: @dmatkins137 @ShayneRarma @NASA Nothing stopping Tesla team at our car plant from voting union. Could do so tmrw if they want‚Ä¶
1375336426469007362,Fri Mar 26 06:38:51 +0000 2021,0,0,@elonisourhero @elonmusk Elon has said that roads were optimized for vision and that FSD can be a superhuman driver with just vision. Add to this his philosophy of ‚Äúthe best part is no part‚Äú.
1375336426586447874,Fri Mar 26 06:38:51 +0000 2021,0,0,"RT @AMaffeiWX: FYI: If you are in the Pacific Northwest (Washington, Oregon, and California) and saw something reentering the atmosphere...‚Ä¶"
1375336430487097349,Fri Mar 26 06:38:52 +0000 2021,0,0,RT @Scobleizer: SpaceX debris.
1375336432810799105,Fri Mar 26 06:38:52 +0000 2021,0,0,"RT @Tesla: 6,000+ Superchargers across Europe ‚Äî at 600 locations and counting!

üì∏ by @EPavlic, @MinimalDuck &amp; @_better_e https://t.co/Yf36H‚Ä¶"
1375336433997725696,Fri Mar 26 06:38:53 +0000 2021,0,0,RT @juelam26: @elonmusk officially has my #Bitcoin for Tesla. The transaction is done in a few seconds. https://t.co/WJbdxwpdaD
1375336437701300224,Fri Mar 26 06:38:53 +0000 2021,0,0,@BoredElonMusk Do I have to remind you as Church of scientists we have made entire Illegal Cosmic Industry worth even more then Entire Company of Elon Musk Ever Had and worth more then His entire Fortune!?
1375336441098592270,Fri Mar 26 06:38:54 +0000 2021,0,0,RT @CorinnaKopf: the doge ass tattoo still coming i swear üò≠ @elonmusk
1375336442260418563,Fri Mar 26 06:38:55 +0000 2021,0,0,RT @Pika_Doge: @FluturIsabela @DanO37088867 @elonmusk @Steven_McKie Should we? @itstimwhite @dogecoin_empire we can always just do an conte‚Ä¶
1375336445003493379,Fri Mar 26 06:38:55 +0000 2021,0,0,Earn a share of 7 million $REAP cryptocurrency in the Reapit airdrop on @latokens. Complete quick and easy social tasks to win https://t.co/Fv77XR6oRx #LATOKEN #LatokenApp #Tesla #Bitcoin
1375336446039572480,Fri Mar 26 06:38:55 +0000 2021,0,0,"RT @artistsof_earth: @elonmusk we sent you &amp; @gendai_art_caf @yousuck2020 &amp; the family of @Astro_Doug &amp; @AstroKarenN one print each of ""Eye‚Ä¶"
1375336446018658306,Fri Mar 26 06:38:55 +0000 2021,0,0,RT @SPACEdotcom: NASA astronauts get up-close look at SpaceX's Starship SN11 prototype (photo) https://t.co/lRS17IEayY https://t.co/nMviB8i‚Ä¶
1375336447637651456,Fri Mar 26 06:38:56 +0000 2021,0,0,@elonmusk @Matthew_Nolan1 https://t.co/m2k74FDGit
1375336449554456577,Fri Mar 26 06:38:56 +0000 2021,0,0,"@kroschel @CheshireKatrin @elonmusk @EvaFoxU Katrin has the idiots/fascists flag right beside her name.
That's enough to know."
1375336450938523648,Fri Mar 26 06:38:57 +0000 2021,0,0,RT @elonmusk: Strongest argument against aliens https://t.co/eF2FFZpJQE
1375336452679114757,Fri Mar 26 06:38:57 +0000 2021,0,0,Elon musk blowing up rockets over my head while I take a nap
1375336453710913538,Fri Mar 26 06:38:57 +0000 2021,0,0,Elon's tech Bro-Nasa is going to get us all killed.
1375336453912231936,Fri Mar 26 06:38:57 +0000 2021,0,0,"RT @cryptoneo17: #giveaway 50$ or 1000 #DogeCoins 

RT and Follow @Amadogecom 

#dogearmy sells first Tesla for #dogecoin via @Amadogecom a‚Ä¶"
1375336457204817920,Fri Mar 26 06:38:58 +0000 2021,0,0,"RT @dominiccahoy: #LATTICE $LTX AMA TOMORROW ON KUCOIN!!! LET THE PUMP TO $2 BEGIN!!!! 

$DAG $DOT $UNI $XRP $BTC $ETH $DOGE $EOS $IOTA $AD‚Ä¶"
1375336457175400451,Fri Mar 26 06:38:58 +0000 2021,0,0,"@WholeMarsBlog If 500k more cars get made in 2021 the chances are Tesla could grow sales by 750k-1mil in 2022 with a full year of Berlin and Austin ramping production - especially Cybertruck. And China making Model2.
That's my view at least."
1375336459075514370,Fri Mar 26 06:38:59 +0000 2021,0,0,"@Tesla @elonmusk @EPavlic @MinimalDuck @_better_e A question on my mind is; are those chargers easy to upgrade in the future? I mean, its still a super fast evolving car, its still possible that the way of charging and maybe even the plugs, are going to change over the years."
1375336460811898883,Fri Mar 26 06:38:59 +0000 2021,0,0,@brandonee916 There are two groups of people - those who think FSD will never happen and those who think it is easy and why Tesla is so slow on developing it. Only people who works in software development especially in complex projects with AI knows how hard it is. But it is possible.
1375336461508227073,Fri Mar 26 06:38:59 +0000 2021,0,0,"@marc_benton If you do, @elonmusk definitely won‚Äôt give you a #Roadster"
1375336462393225216,Fri Mar 26 06:38:59 +0000 2021,0,0,"RT @Tesla: 6,000+ Superchargers across Europe ‚Äî at 600 locations and counting!

üì∏ by @EPavlic, @MinimalDuck &amp; @_better_e https://t.co/Yf36H‚Ä¶"
1375336464163033090,Fri Mar 26 06:39:00 +0000 2021,0,0,gw kira ella musk bocil anjjrtt
1375336465236955136,Fri Mar 26 06:39:00 +0000 2021,0,0,"RT @zhusu: TESLA HAS BOUGHT $1.5BN IN BITCOIN - SEC FILING

#Bitcoin $BTC"
1375336468550352896,Fri Mar 26 06:39:01 +0000 2021,0,0,#FridayMeme x #ElonMusk https://t.co/pkz9aB8Tm4
1375336472035917825,Fri Mar 26 06:39:02 +0000 2021,0,0,"RT @Rager: Now we have @elonmusk @jack and @chamath in 

Imagine not buying Bitcoin"
1375336475093430273,Fri Mar 26 06:39:02 +0000 2021,0,0,RT @bzdarling: Me at Tesla showroom with $1375 and an eighth https://t.co/ctaZQYRxzl
1375336476544618502,Fri Mar 26 06:39:03 +0000 2021,0,0,I am so happy that my sole viral tweet is me stoned watching elon musk's space garbage fall out of the sky. We live in truly magical times üòå
1375336477132001286,Fri Mar 26 06:39:03 +0000 2021,0,0,@Darth_Trader23 $visl @SpaceX https://t.co/bRcIzPG41n
1375336483918245888,Fri Mar 26 06:39:04 +0000 2021,0,0,"‡¶Æ‡¶æ‡¶∏‡ßç‡¶ï ‡¶®‡¶æ ‡¶™‡¶∞‡¶≤‡ßá‡¶á ‡¶è‡¶ñ‡¶® ‡¶•‡ßá‡¶ï‡ßá ‡¶¶‡¶ø‡¶§‡ßá ‡¶π‡¶¨‡ßá ‡¶Æ‡ßã‡¶ü‡¶æ ‡¶Ö‡¶ô‡ßç‡¶ï‡ßá‡¶∞ ‡¶ú‡¶∞‡¶ø‡¶Æ‡¶æ‡¶®‡¶æ, ‡¶ï‡¶†‡ßã‡¶∞ ‡¶¶‡¶æ‡¶ì‡¶Ø‡¶º‡¶æ‡¶á ‡¶∞‡¶æ‡¶ú‡ßç‡¶Ø ‡¶∏‡¶∞‡¶ï‡¶æ‡¶∞‡ßá‡¶∞

https://t.co/tKrilxZEVp"
1375336485273141249,Fri Mar 26 06:39:05 +0000 2021,0,0,RT @ByMikeBaker: Some incredible footage of the (apparent) SpaceX debris hurtling over the Pacific Northwest tonight
1375336486351081478,Fri Mar 26 06:39:05 +0000 2021,0,0,"RT @ilkay_aykut: @justinsuntron Finally, Tesl,a bidding opens today. These funds will be enough for me to settle in a good area.
Best day i‚Ä¶"
1375336491170283521,Fri Mar 26 06:39:06 +0000 2021,0,0,"RT @Tesla: 6,000+ Superchargers across Europe ‚Äî at 600 locations and counting!

üì∏ by @EPavlic, @MinimalDuck &amp; @_better_e https://t.co/Yf36H‚Ä¶"
1375336491283591168,Fri Mar 26 06:39:06 +0000 2021,0,0,"RT @MKBHD: You can now BUY a depreciating asset with an appreciating asset ü§ë

(This is genius from Tesla though, and I‚Äôd expect no other ca‚Ä¶"
1375336492835295233,Fri Mar 26 06:39:07 +0000 2021,0,0,"#CryptoNews of the day:
üî•Elon Musk declares Tesla can now be bought with #Bitcoin
üî•Crypto exchange @latokens launches airdrop with 7 million $REAP tokens in rewards
Earn now: https://t.co/PhgNIyu2YX #LATOKEN #LatokenApp"
1375336492902490114,Fri Mar 26 06:39:07 +0000 2021,0,0,Earn a share of 7 million $REAP cryptocurrency in the Reapit airdrop on @latokens. Complete quick and easy social tasks to win https://t.co/01ThIKT6TH #LATOKEN #LatokenApp #Tesla #Bitcoin
1375336495599476738,Fri Mar 26 06:39:07 +0000 2021,0,0,"@beeple https://t.co/NT9d6NBsOg

@elonmusk 
#nft"
1375336496454987778,Fri Mar 26 06:39:07 +0000 2021,0,0,RT @teslaownersSV: 9th launch and landing of the same rocket. It never gets old watching. @elonmusk https://t.co/gujEiWzZGG
1375336497084129287,Fri Mar 26 06:39:08 +0000 2021,0,0,RT @matthewmspace: @altNOAA Looks like it‚Äôs part of a SpaceX launch from a couple weeks ago: https://t.co/GTPoxyUFCX
1375336497117822977,Fri Mar 26 06:39:08 +0000 2021,0,0,"@atopoless elon musk is a monster who deserves to lose everything
we should be collectively aiming for space, that's how we got to the moon, that's how we get further, musk doesn't want to advance mankind he wants to be the next Columbus complete with indentured servitude and slavery"
1375336498359328770,Fri Mar 26 06:39:08 +0000 2021,0,0,Big thank you to Elon for providing us with a visual metaphor for investing in NFTs tonight.
1375336501106515971,Fri Mar 26 06:39:09 +0000 2021,0,0,Holy fck this is a new one... @Keubiko #spacex .. debris on random cities ! Perfect !
1375336503153459200,Fri Mar 26 06:39:09 +0000 2021,0,0,RT @MorePerfectUS: BREAKING: Elon Musk illegally fired a pro-union Tesla worker &amp; threatened to strip employees of benefits if they formed‚Ä¶
1375336503321108483,Fri Mar 26 06:39:09 +0000 2021,0,0,RT @teslaownersSV: 9th launch and landing of the same rocket. It never gets old watching. @elonmusk https://t.co/gujEiWzZGG
1375336505762148355,Fri Mar 26 06:39:10 +0000 2021,0,0,"RT @MikeFlo46795160: WOW. JUST WOW!
14 &amp; 15 yr old alone in a @tesla traveling from FL to SC. Pulled over for going the wrong way. 1 kid in‚Ä¶"
1375336512091529216,Fri Mar 26 06:39:11 +0000 2021,0,0,"FAZ/dpa: Urteil gegen Tesla wegen gewerkschaftsfeindlichen Vorgehens - Konzernchef Elon Musk hatte Angestellten, die sich gewerkschaftlich organisieren wollten, mit Repressalien gedroht. Ein Mitarbeiter wurde entlassen https://t.co/RUpQn9SyrU @IGMetall @dgb_news @DGB_Berlin_BRB"
1375336515539099649,Fri Mar 26 06:39:12 +0000 2021,0,0,RT @bzdarling: Me at Tesla showroom with $1375 and an eighth https://t.co/ctaZQYRxzl
1375336516768079874,Fri Mar 26 06:39:12 +0000 2021,0,0,"RT @JavierHerzandez: @magmalaya This fact is remain unknown by a lot of Malaysian! The first SpaceX rocket was actually launched in Besut,‚Ä¶"
1375336519309885440,Fri Mar 26 06:39:13 +0000 2021,0,0,"RT @martineberle: @technikjuli @stang2k Hyundai Kona und Ioniq, Kia e-Niro, VW id.3 und id.4, Skoda Enyaq, Renault Zoe, Opel Corsa-e und Pe‚Ä¶"
1375336519184089091,Fri Mar 26 06:39:13 +0000 2021,0,0,RT @bzdarling: Me at Tesla showroom with $1375 and an eighth https://t.co/ctaZQYRxzl
1375336520173842433,Fri Mar 26 06:39:13 +0000 2021,0,0,RT @magmalaya: Yo. Bendera Malaysia. Why? How? What happened? https://t.co/upGBAlkj7n
1375336524112273412,Fri Mar 26 06:39:14 +0000 2021,0,0,"#CryptoNews of the day:
üî•Elon Musk declares Tesla can now be bought with #Bitcoin
üî•Crypto exchange @latokens launches airdrop with 7 million $REAP tokens in rewards
Earn now: https://t.co/Z0p4D5jYiB #LATOKEN #LatokenApp"
1375336525060218884,Fri Mar 26 06:39:14 +0000 2021,0,0,"RT @AMaffeiWX: FYI: If you are in the Pacific Northwest (Washington, Oregon, and California) and saw something reentering the atmosphere...‚Ä¶"
1375336525555101696,Fri Mar 26 06:39:14 +0000 2021,0,0,RT @bzdarling: Me at Tesla showroom with $1375 and an eighth https://t.co/ctaZQYRxzl
1375336526020628484,Fri Mar 26 06:39:14 +0000 2021,0,0,RT @AstroJordy: @elonmusk https://t.co/qiQN16NlI5
1375336526842892290,Fri Mar 26 06:39:15 +0000 2021,0,0,RT @FinanceLancelot: Elon Musk is aggressively going after the Tesla Self-Driving Scam video uploaded today and attempting to take it down‚Ä¶
1375336529556561921,Fri Mar 26 06:39:15 +0000 2021,0,0,"@skepticalor_lv @laserjohnny007 @GoncaloNMH @garyblack00 Right? Tesla is a prime example on how everyone is saying over &amp; over it is overvalued. And yea, for what they do TODAY, it might be overvalued, but the possibility for them to be THE big player in some years is huge! Its basicly like buying a rare painting at a much higher price"
1375336530307284993,Fri Mar 26 06:39:15 +0000 2021,0,0,RT @JustLiquidity: #FridayMeme x #ElonMusk https://t.co/pkz9aB8Tm4
1375336532865908738,Fri Mar 26 06:39:16 +0000 2021,0,0,@elonmusk There are and we are.
1375336542932234242,Fri Mar 26 06:39:19 +0000 2021,0,0,@reallybitch_420 @elonmusk ..... to drop at 2:38am or not too...... I am off of work tomorrow... you got a link for the lazy??
1375336543355822080,Fri Mar 26 06:39:19 +0000 2021,0,0,"RT @homepaintersng: Nigerians too dey play rubbish play üòÇ.

#BugsBunnychallenge Elon #Tinubu

https://t.co/x3XXs9nbXn"
1375336543577993222,Fri Mar 26 06:39:19 +0000 2021,0,0,RT @SPACEdotcom: SpaceX's Starlink satellite megaconstellation launches in photos https://t.co/LDAyzyldn1 https://t.co/5NqZWhc1Wq
1375336545423519745,Fri Mar 26 06:39:19 +0000 2021,0,0,"@BlakMic Found it, it was the spaceX rocket re-entering üåé atmosphere"
1375336547734716419,Fri Mar 26 06:39:20 +0000 2021,0,0,"RT @bobbyclee: Would you prefer the DUAL MOTOR AWD model for my #CyberTruck give-away? All wheel drive, 300+ mile range, and 0-60 mph in un‚Ä¶"
1375336551085916161,Fri Mar 26 06:39:20 +0000 2021,0,0,"RT @Tesla: 6,000+ Superchargers across Europe ‚Äî at 600 locations and counting!

üì∏ by @EPavlic, @MinimalDuck &amp; @_better_e https://t.co/Yf36H‚Ä¶"
1375336553828950018,Fri Mar 26 06:39:21 +0000 2021,0,0,RT @beeple: @elonmusk  i‚Äôll trade u NFT‚Äôs ü§åüèº
1375336558929215491,Fri Mar 26 06:39:22 +0000 2021,0,0,The even more beautiful non-crashy part
1375336559965134849,Fri Mar 26 06:39:23 +0000 2021,0,0,"RT @PPathole: In 2008, @elonmusk had to borrow money from friends for paying his rent. He basically invested all the money he had from PayP‚Ä¶"
1375336560716042240,Fri Mar 26 06:39:23 +0000 2021,0,0,"RT @JohnnaCrider1: Elon Musk helped Flint schools get clean water. 

He donated to Louisiana charities after Laura wipes most of SWLA out.‚Ä¶"
1375336561579974656,Fri Mar 26 06:39:23 +0000 2021,0,0,RT @Not_the_Bee: Researchers tricked Tesla vehicles into going 85 in a 35 using a little black tape. https://t.co/p1D5LzFQ8g
1375336570929176576,Fri Mar 26 06:39:25 +0000 2021,0,0,@ItaloCalcagni @ShirleyVR8 @kasper2space @yousuckMZ @yousuck2020 @carlyvanheerden @elonmusk @dearmoonproject Buongiorno Italo ! üöÄüåñ
1375336571453456391,Fri Mar 26 06:39:25 +0000 2021,0,0,"@brockgs @Tesla Oh wow... those calculations so far to avoid major injuries. During my test drive, the owner put it into self drive... it feels so weird..."
1375336572044902400,Fri Mar 26 06:39:25 +0000 2021,0,0,i just want a nice tesla .
1375336574938796032,Fri Mar 26 06:39:26 +0000 2021,0,0,RT @SawyerMerritt: BREAKING: I have been told by a few sources that Elon Musk held a company wide call today for Tesla. It was mostly a 202‚Ä¶
1375336577115648000,Fri Mar 26 06:39:27 +0000 2021,0,0,"RT @CityNewsVAN: A lot of people in the Vancouver and Seattle areas witnessed a Space X failure, as light streaked across the night sky Thu‚Ä¶"
1375336580508966914,Fri Mar 26 06:39:27 +0000 2021,0,0,@elonmusk Except your average BTC holder won't have a clue how to even try and make a payment
1375336581612118016,Fri Mar 26 06:39:28 +0000 2021,0,0,RT @bzdarling: Me at Tesla showroom with $1375 and an eighth https://t.co/ctaZQYRxzl
1375336585743323137,Fri Mar 26 06:39:29 +0000 2021,0,0,"Daily Plea to @elonmusk  - Please make SpaceX public. investors and enthusiasts from around the globe are awaiting the IPO.

Don't multi-layer that shit with Starlink. go for the cream already.

Thanks, sorry to disturb you. back to teaching myself block-chain programming."
1375336586548678661,Fri Mar 26 06:39:29 +0000 2021,0,0,"RT @PPathole: In 2008, @elonmusk had to borrow money from friends for paying his rent. He basically invested all the money he had from PayP‚Ä¶"
1375336586976448514,Fri Mar 26 06:39:29 +0000 2021,0,0,RT @SpaceXMR: Raptors after every static fire be like: #SpaceX https://t.co/sardjMiMe5 https://t.co/oqIQ4gEohh
1375336589614702592,Fri Mar 26 06:39:30 +0000 2021,0,0,RT @MorePerfectUS: BREAKING: Elon Musk illegally fired a pro-union Tesla worker &amp; threatened to strip employees of benefits if they formed‚Ä¶
1375336595205849088,Fri Mar 26 06:39:31 +0000 2021,0,0,"@finance_equity @elonmusk @binance @AltcoinDailyio @cz_binance Why the Medium article 1:1 copy of @dao_duck https://t.co/a26xC506L5

$FDD"
1375336596380127239,Fri Mar 26 06:39:31 +0000 2021,0,0,Earn a share of 7 million $REAP cryptocurrency in the Reapit airdrop on @latokens. Complete quick and easy social tasks to win https://t.co/U5xcb45XDK #LATOKEN #LatokenApp #Tesla #Bitcoin
1375336597302824960,Fri Mar 26 06:39:31 +0000 2021,0,0,"RT @cryptoneo17: #giveaway 50$ or 1000 #DogeCoins 

RT and Follow @Amadogecom 

#dogearmy sells first Tesla for #dogecoin via @Amadogecom a‚Ä¶"
1375336599362281474,Fri Mar 26 06:39:32 +0000 2021,0,0,RT @Frankie_Sutera: Whip the Tesla https://t.co/MAYtgQlIAX
1375336600817782784,Fri Mar 26 06:39:32 +0000 2021,0,0,"RT @Chelsea_Fagan: The only thing that would make this Suez Canal ship story better is if Elon Musk inserted himself into the situation, lo‚Ä¶"
1375336602088599554,Fri Mar 26 06:39:33 +0000 2021,0,0,RT @GraffitiKINGS: @elonmusk üí®üí•üí•üí•üí•üí•üí•üöÄ https://t.co/P2mXMPtfFC
1375336602092806154,Fri Mar 26 06:39:33 +0000 2021,0,0,@elonmusk @GeorgeTakei
1375336605255262211,Fri Mar 26 06:39:33 +0000 2021,0,0,"#CryptoNews of the day:
üî•Elon Musk declares Tesla can now be bought with #Bitcoin
üî•Crypto exchange @latokens launches airdrop with 7 million $REAP tokens in rewards
Earn now: https://t.co/92eWlrBIc1 #LATOKEN #LatokenApp"
1375336608610848771,Fri Mar 26 06:39:34 +0000 2021,0,0,RT @WriteroftheStor: Daily Plea to @elonmusk  - Please make SpaceX public. investors and enthusiasts from around the globe are awaiting the‚Ä¶
1375336609072168960,Fri Mar 26 06:39:34 +0000 2021,0,0,RT @itsALLrisky: Elon has our back #Dogecoin
1375336622779113472,Fri Mar 26 06:39:38 +0000 2021,0,0,RT @SawyerMerritt: Elon also said there was a chance that Tesla could produce and deliver 1 Million cars this year. He also said Giga Shang‚Ä¶
1375336624532381698,Fri Mar 26 06:39:38 +0000 2021,0,0,RT @clement_lepine: Congratulations SpaceX https://t.co/G3f3GJexqr
1375336624867840002,Fri Mar 26 06:39:38 +0000 2021,0,0,"@dulponi @faradilaZS @sosokbosok @mohammadkafabih @Namex_6X @cumi02759776 @AKunnaifi @robicahsan @bobiboobs @masszaenal @_raylaksmi @punyancet @AlifKhoiruddin @senoprasetyanto @durung_sarapan @nidhomulhuda @elonmusk @NCTsmtown @isyanasarasvati @DUALIPA @MarnoMbois @alinfiaamali_ @DaviqRizal Oalah... Ngomonggg to sok,"
1375336626050764801,Fri Mar 26 06:39:38 +0000 2021,0,0,RT @bzdarling: Me at Tesla showroom with $1375 and an eighth https://t.co/ctaZQYRxzl
1375336627959001090,Fri Mar 26 06:39:39 +0000 2021,0,0,@refinableapp Would love to see @elonmusk nfts here too :)
1375336628177174532,Fri Mar 26 06:39:39 +0000 2021,0,0,"RT @Erdayastronaut: Documenting history in 12K üòç yes, that‚Äôs 80 megapixel images, 30 times a second... might be the last chance to see #SN1‚Ä¶"
1375336628793733124,Fri Mar 26 06:39:39 +0000 2021,0,0,@Satsuyadan OMG ELON MOSQ
1375336630328958976,Fri Mar 26 06:39:39 +0000 2021,0,0,"2021 Tesla Model 3 Standard Range Plus Gets Top EPA Efficiency Rating

üöóüîã‚ö°Ô∏èü§ñü§©üëèüèª

The range is also one of the best - 263 miles (423 km)

#EV #RoboCars
#MostImportantCarEver https://t.co/oxtcFCF4Fy"
1375336632593702916,Fri Mar 26 06:39:40 +0000 2021,0,0,RT @joplin711: I can‚Äôt get enough of this boys musk.  I love when he calls me his slut üòàüòà#GayTaboo #onlyFans #pigplay #balls #boys #dominat‚Ä¶
1375336632468004864,Fri Mar 26 06:39:40 +0000 2021,0,0,RT @utamadush: @elonmusk @mcuban I challenge you both to each match the donation that @sterlingshelter received from @FinanceGrumpy. Thank‚Ä¶
1375336633206071303,Fri Mar 26 06:39:40 +0000 2021,0,0,RT @AkeemSharyzal: Tula lain kali tesla dulu
1375336635819294722,Fri Mar 26 06:39:41 +0000 2021,0,0,RT @howitzerein: #NewProfilePic i'm Elon musk from the band sole republic https://t.co/04v1yNYXXN
1375336636687482885,Fri Mar 26 06:39:41 +0000 2021,0,0,"RT @WorldAndScience: Another gorgeous shot of a SpaceX launch

(Credit: Official SpaceX Photos) https://t.co/LH6yPCkHLy"
1375336637262073858,Fri Mar 26 06:39:41 +0000 2021,0,0,"RT @DogeCoin_Boom: Morning #DogecoinArmy
Today all-time-high üìà $DOGE
#DogecoinToTheMoon üåù #ElonMusk üöÄ"
1375336639120179201,Fri Mar 26 06:39:41 +0000 2021,0,0,@Kristennetten @Tesla @elonmusk I subscribe to: ‚Äúabsolutely stunning‚Äù part!ü§©üòç
1375336640189587462,Fri Mar 26 06:39:42 +0000 2021,0,0,Earn a share of 7 million $REAP cryptocurrency in the Reapit airdrop on @latokens. Complete quick and easy social tasks to win https://t.co/rFJmHy2XlT #LATOKEN #LatokenApp #Tesla #Bitcoin
1375336641959763969,Fri Mar 26 06:39:42 +0000 2021,0,0,@elonmusk https://t.co/rXZ5WcFGTb new interesting nft game
1375336642899181569,Fri Mar 26 06:39:42 +0000 2021,0,0,"RT @bobbyclee: My #CyberTruck giveaway... It's happening!
#Bitcoin has exceeded the $39,900 price of a @TESLA CyberTruck! To celebrate this‚Ä¶"
1375336645344518144,Fri Mar 26 06:39:43 +0000 2021,0,0,"RT @AlbertoEMachado: ""We‚Äôre going to try to catch the Super Heavy booster with the launch tower arm, using the grid fins to take the load.‚Äù‚Ä¶"
1375336648343441411,Fri Mar 26 06:39:44 +0000 2021,0,0,"RT @SpaceX: Falcon 9 launch of 60 Starlink satellites is targeted for tomorrow, March 24 at 4:28 a.m. EDT from SLC-40 in Florida ‚Üí https://‚Ä¶"
1375336653061951489,Fri Mar 26 06:39:45 +0000 2021,0,0,RT @Gfilche: Roadtripping in my Tesla has convinced me. FSD gonna change everything. Tesla to $10T #hodling @elonmusk
1375336653229789185,Fri Mar 26 06:39:45 +0000 2021,0,0,RT @CorinnaKopf: if @elonmusk follows me i‚Äôll buy 1 bitcoin
1375336653171138562,Fri Mar 26 06:39:45 +0000 2021,0,0,"@nucknyan @IndSocialist @LilBanditTheCat @EmmettCetera @SatelliteSOS @Slimongi @vampyreparty @brianstelter You are aware that a Tesla employee salary is around $200,000 not including that tripled in stock and bonuses? Likewise, he owns companies in AI, infrastructure, aerospace, transportation, energy, automotive, telecommunication, and more. He also created PayPal, what have you done"
1375336653510692864,Fri Mar 26 06:39:45 +0000 2021,0,0,"#CryptoNews of the day:
üî•Elon Musk declares Tesla can now be bought with #Bitcoin
üî•Crypto exchange @latokens launches airdrop with 7 million $REAP tokens in rewards
Earn now: https://t.co/mbmruDJTwJ #LATOKEN #LatokenApp"
1375336655620468736,Fri Mar 26 06:39:45 +0000 2021,0,0,Waiting for Elon to tweet about how he‚Äôs going to solve the Suez bottleneck. Any guesses?
1375336655729594371,Fri Mar 26 06:39:45 +0000 2021,0,0,"@_rthiago_ @elonmusk he doesn't need it, his family is privileged. 

its called gold cradle"
1375336656165822465,Fri Mar 26 06:39:46 +0000 2021,0,0,@beeple @elonmusk https://t.co/NT9d6NBsOg
1375336657558237185,Fri Mar 26 06:39:46 +0000 2021,0,0,naming my tesla erys because of @jaden
1375336660599201793,Fri Mar 26 06:39:47 +0000 2021,0,0,"RT @PPathole: In 2008, @elonmusk had to borrow money from friends for paying his rent. He basically invested all the money he had from PayP‚Ä¶"
1375336661555417091,Fri Mar 26 06:39:47 +0000 2021,0,0,"RT @PPathole: In 2008, @elonmusk had to borrow money from friends for paying his rent. He basically invested all the money he had from PayP‚Ä¶"
1375336662398607362,Fri Mar 26 06:39:47 +0000 2021,0,0,RT @clement_lepine: Tesla Model 3 https://t.co/OcWKDgnCZ8
1375336663056936963,Fri Mar 26 06:39:47 +0000 2021,0,0,RT @Pika_Doge: @FluturIsabela @DanO37088867 @elonmusk @Steven_McKie Should we? @itstimwhite @dogecoin_empire we can always just do an conte‚Ä¶
1375336664143290370,Fri Mar 26 06:39:47 +0000 2021,0,0,Earn a share of 7 million $REAP cryptocurrency in the Reapit airdrop on @latokens. Complete quick and easy social tasks to win https://t.co/S0AcMJPBde #LATOKEN #LatokenApp #Tesla #Bitcoin
1375336665368043524,Fri Mar 26 06:39:48 +0000 2021,0,0,"@flowerfaeby It‚Äôs actually part of a SpaceX Rocket falling from orbit! Parts of it landed in Vancouver, Wa early tonight. Crazy stuff"
1375336665955229698,Fri Mar 26 06:39:48 +0000 2021,0,0,"RT @CityNewsVAN: A lot of people in the Vancouver and Seattle areas witnessed a Space X failure, as light streaked across the night sky Thu‚Ä¶"
1375336667976855552,Fri Mar 26 06:39:48 +0000 2021,0,0,"@VoiceOfSoftware @teslaownersSV @elonmusk It's none of those except Super Late, Roadster hasn't even left the designers desk and was suppose to of been released in 2020. But as usual Techno King just makes grandiose promises."
1375336670501949442,Fri Mar 26 06:39:49 +0000 2021,0,0,"@Erdayastronaut @considercosmos @SpacePadreIsle @andrutay @bstineman @SpaceX @yousuckMZ @yousuck2020 Dang, the studio looks amazing. And I'm sure the equipment is even better than the studio looks (if it makes any sense). I can't wait to watch your streams from MARS!"
1375336670816432129,Fri Mar 26 06:39:49 +0000 2021,0,0,"RT @BronzeHammer: I'll keep this in mind if it ever comes out that your car software kills people, you inflated your company's stock by twe‚Ä¶"
1375336672724914178,Fri Mar 26 06:39:49 +0000 2021,0,0,ü§ó feeling blessed üå∏
1375336673123307520,Fri Mar 26 06:39:50 +0000 2021,0,0,Praises
1375336675509895171,Fri Mar 26 06:39:50 +0000 2021,0,0,RT @NatGeoPhotos: #YourShotPhotographer Joe Marino made this long exposure of a SpaceX Falcon 9 booster launching the SpaceX CRS-15 Dragon‚Ä¶
1375336676533370885,Fri Mar 26 06:39:50 +0000 2021,0,0,@TheBlakeCheck @Tesla And to the owners of AMGs and Schnitzer steroid cars: you spent all that money and got a slow car?
1375336677070278657,Fri Mar 26 06:39:50 +0000 2021,0,0,RT @trevken: The number of people who caught Elon Musks failed Falcon 9 second stage rocket reentering the atmosphere and mistook it for a‚Ä¶
1375336678051749889,Fri Mar 26 06:39:51 +0000 2021,0,0,Pensez-vous que ce soit une bonne id√©e qu'on puisse acheter une Tesla avec du Bitcoin ?
1375336679863508993,Fri Mar 26 06:39:51 +0000 2021,0,0,When you capture something amazing ü§©üò≥üò≤
1375336679796527104,Fri Mar 26 06:39:51 +0000 2021,0,0,"RT @Lionsfutball1: Where did the player come from? üòÆüôÑ

Rihanna | Tom and Jerry | Elon | Airtime | Lautech | #BugsBunnychallenge | #alake |‚Ä¶"
1375336680543170564,Fri Mar 26 06:39:51 +0000 2021,0,0,@elonmusk @KimDotcom Wtf do you need to have your purchase of a DrPepper recorded on the blockchain??
1375336681197330436,Fri Mar 26 06:39:51 +0000 2021,0,0,RT @Pika_Doge: @FluturIsabela @DanO37088867 @elonmusk @Steven_McKie Should we? @itstimwhite @dogecoin_empire we can always just do an conte‚Ä¶
1375336681600090112,Fri Mar 26 06:39:52 +0000 2021,0,0,#ElonMusk #Tesla https://t.co/sOgV1AuRGp
1375336682329886728,Fri Mar 26 06:39:52 +0000 2021,0,0,"RT @kushtoby: What happens when you combine the riches of Elon Musk and Bill Gates?

The money ElonGates. https://t.co/xtsoBCZ9V6"
1375336683214925825,Fri Mar 26 06:39:52 +0000 2021,0,0,"RT @homepaintersng: Nigerians too dey play rubbish play üòÇ.

#BugsBunnychallenge Elon #Tinubu

https://t.co/x3XXs9nbXn"
1375336686867992582,Fri Mar 26 06:39:53 +0000 2021,0,0,"Fyi..
Bill gates, Elon musk, Jack ma, Mark zuckerberg dan orang2 sukses lain nya tidak pernah berdebat soal martabak manis dan terang bulan.."
1375336689766432773,Fri Mar 26 06:39:54 +0000 2021,0,0,RT @bzdarling: Me at Tesla showroom with $1375 and an eighth https://t.co/ctaZQYRxzl
1375336690823258116,Fri Mar 26 06:39:54 +0000 2021,0,0,@PPathole @elonmusk @Tesla @SpaceX This story has been told 1 million times on Twitter.  It‚Äôs baffling to me it still surprises people.
1375336691297255426,Fri Mar 26 06:39:54 +0000 2021,0,0,"RT @HTHRFLWRS: DUE TO A DESIGN FAULT EVERY APPLE IIE KEYBOARD SHIPPED WITH THE BUTTON FROM THE 2009 PSYCHOLOGICAL THRILLER ""THE BOX"" WHERE‚Ä¶"
1375336692933099520,Fri Mar 26 06:39:54 +0000 2021,0,0,"@petteri_bergius @wilcanfly @emissaryofwind @elonmusk You know what uses less energy than an EV on the road?  An EV that wasn't even needed to be produced because public transit took care of the majority of one's commute.  I understand we won't be able to remove all personal vehicles, however we can reduce the need for the majority."
1375336694304608256,Fri Mar 26 06:39:55 +0000 2021,0,0,RT @elonmusk: Mars rover looking back https://t.co/oaFOCezRuU
1375336695567114240,Fri Mar 26 06:39:55 +0000 2021,0,0,RT @elonmusk: You can now buy a Tesla with Bitcoin
1375336695739080705,Fri Mar 26 06:39:55 +0000 2021,0,0,@lexfridman @APompliano @elonmusk Good morning everyone except people that don't sleep...lol
1375336697202765826,Fri Mar 26 06:39:55 +0000 2021,0,0,"RT @PPathole: In 2008, @elonmusk had to borrow money from friends for paying his rent. He basically invested all the money he had from PayP‚Ä¶"
1375336699505483781,Fri Mar 26 06:39:56 +0000 2021,0,0,"RT @PrtkYdv: I think @SpaceX and @elonmusk can make this happen

https://t.co/mB3lPAJ9YY https://t.co/3KWy8R9WII"
1375336700927414272,Fri Mar 26 06:39:56 +0000 2021,0,0,RT @FinanceLancelot: Elon Musk is aggressively going after the Tesla Self-Driving Scam video uploaded today and attempting to take it down‚Ä¶
1375336701044793347,Fri Mar 26 06:39:56 +0000 2021,0,0,"@elonmusk Hie @elonmusk @Tesla Will there be some royalties if I buy a Tesla using #BTC ? I mean, if BTC increases in value, can I use a percentage of that increase for a service or upgrades upon availability. I mean its a win win as pple may not wanna let go of their #BTC .
#Tesla #elon"
1375336702248546304,Fri Mar 26 06:39:56 +0000 2021,0,0,"RT @HeinzVHoenen: #Mars #SpaceX

How the human body could evolve if we settle in Mars
Predictions based on #scientific knowledge üßê

ty, mt‚Ä¶"
1375336704878514177,Fri Mar 26 06:39:57 +0000 2021,0,0,RT @bzdarling: Me at Tesla showroom with $1375 and an eighth https://t.co/ctaZQYRxzl
1375336706581258243,Fri Mar 26 06:39:58 +0000 2021,0,0,@HayekAndKeynes Only good thing about a Tesla car is the name. Get a grip folks!
1375336711094468608,Fri Mar 26 06:39:59 +0000 2021,0,0,RT @tonymat58: @MartinSLewis @thismorning It doesn‚Äôt help when you see Elon Musk advertising that you can buy a Tesla car using Bitcoin. He‚Ä¶
1375336711459274752,Fri Mar 26 06:39:59 +0000 2021,0,0,RT @GreenEconomyNow: @sarahcox_bc Elon Musk‚Äôs space debris apparently.
1375336717176205313,Fri Mar 26 06:40:00 +0000 2021,0,0,@elonmusk what‚Äôs the tea?
1375336717264297984,Fri Mar 26 06:40:00 +0000 2021,0,0,"RT @PPathole: In 2008, @elonmusk had to borrow money from friends for paying his rent. He basically invested all the money he had from PayP‚Ä¶"
1375336718497243140,Fri Mar 26 06:40:00 +0000 2021,0,0,"Europe is starting to freak out about the launch dominance of SpaceX https://t.co/84RXNrLr2m
#Europe #SpaceX
üöÄüöÄüöÄüöÄüöÄüí∂üìçüìçüì≤üì≤üì≤üèÜ https://t.co/y3D0W3kgbe https://t.co/sSBYTAKWA2"
1375336719772495873,Fri Mar 26 06:40:01 +0000 2021,0,0,"Who has become the World's Biggest Wealth Gainer as per the Bloomberg Billionaires Index?

A. Gautam Adani
B. Elon Musk
C. Mukesh Ambani
D. Jeff Bezos

Reply Answer üìù

Please ‚ù§Ô∏è &amp; Retweet üîÉ

#currentaffairs #mcq #gk #generalawareness #bestcurrentaffairs"
1375336722867838976,Fri Mar 26 06:40:01 +0000 2021,0,0,"Voici comment fonctionne le nouveau s√©lecteur de lecteur √† √©cran tactile de Tesla 

#Tesla retire la manette du s√©lecteur de vitesse du volant, pour d‚Äôautomatiser le passage entre le stationnement, la marche arri√®re, le point mort et la conduite.
@verge
https://t.co/aTz7gu3TXp"
1375336723216011264,Fri Mar 26 06:40:01 +0000 2021,0,0,"In 2020, #Tesla shares increased by 700%. It may leave you thinking about investing in the firm yourself, but is it still a ‚Äògood‚Äô investment? #Invest #FinancialPlanning #InvestmentStrategy https://t.co/FRzflzpRws"
1375336724293910528,Fri Mar 26 06:40:02 +0000 2021,0,0,"RT @Tesla: 6,000+ Superchargers across Europe ‚Äî at 600 locations and counting!

üì∏ by @EPavlic, @MinimalDuck &amp; @_better_e https://t.co/Yf36H‚Ä¶"
1375336725065699330,Fri Mar 26 06:40:02 +0000 2021,0,0,RT @KatieDaviscourt: Incredible footage of @elonmusk‚Äôs Falcon 9 reentering Earth‚Äôs atmosphere  after 22 days in orbit. Its reentry was seen‚Ä¶
1375336726500098049,Fri Mar 26 06:40:02 +0000 2021,0,0,RT @clement_lepine: Elon Musk Child https://t.co/BoVGUlIfNB
1375336728328736771,Fri Mar 26 06:40:03 +0000 2021,0,0,"RT @artistsof_earth: @elonmusk we sent you &amp; @gendai_art_caf @yousuck2020 &amp; the family of @Astro_Doug &amp; @AstroKarenN one print each of ""Eye‚Ä¶"
1375336729461149697,Fri Mar 26 06:40:03 +0000 2021,0,0,The NLRB is going to make elon delete this tweet. Why? Cause it shows that unions are not necessary in every situation
1375336729863843841,Fri Mar 26 06:40:03 +0000 2021,0,0,"RT @aerospatial: Ex-ISRO Chairman Madhavan Nair praises @elonmusk's business model, says #India needs reusable #rocket tech. https://t.co/1‚Ä¶"
1375336735849082882,Fri Mar 26 06:40:05 +0000 2021,0,0,RT @ByMikeBaker: Some incredible footage of the (apparent) SpaceX debris hurtling over the Pacific Northwest tonight
1375336738458066948,Fri Mar 26 06:40:05 +0000 2021,0,0,"RT @mn_lastborn: J Cole - Some niggas make millions, other niggas make memes...

Elon Musk - making billions and memes.

J Cole - https://t‚Ä¶"
1375336738437132296,Fri Mar 26 06:40:05 +0000 2021,0,0,RT @ByMikeBaker: Some incredible footage of the (apparent) SpaceX debris hurtling over the Pacific Northwest tonight
1375336740622323714,Fri Mar 26 06:40:06 +0000 2021,0,0,RT @clement_lepine: elon musk the richest person in the world @elonmusk https://t.co/QUDYj9hJ2E
1375336740727058435,Fri Mar 26 06:40:06 +0000 2021,0,0,"It's always good to see Indian entrepreneurs take on the world. Ola's @bhash did it once with ride-hailing, and is now set to repeat it in e-scooters with the world's biggest factory. In this chat with us, he outlines his plan for Ola Electric."
1375336740945334274,Fri Mar 26 06:40:06 +0000 2021,0,0,"RT @MazAmadzai: @QTRResearch Enjoy while it lasts $TSLA $TSLAQ 

https://t.co/RbbH9VpJYj"
1375336743172472833,Fri Mar 26 06:40:06 +0000 2021,0,0,RT @elonmusk: Mars rover looking back https://t.co/oaFOCezRuU
1375336744237797382,Fri Mar 26 06:40:07 +0000 2021,0,0,Elon Musk liked a tweet from K SN11‚ú® #Tesla $TSLA https://t.co/BA48DBPrOx
1375336745781264385,Fri Mar 26 06:40:07 +0000 2021,0,0,RT @nypost: Mysterious light show over Seattle was likely debris from SpaceX rocket https://t.co/09LyZCxYQv https://t.co/OLNcur56cT
1375336748625059840,Fri Mar 26 06:40:08 +0000 2021,0,0,"@WholeMarsBlog Imagine every non Tesla branded EV owner need to buy Tesla adaptor and use Tesla app, also get a Tesla referral code lol. Elon literally turns every non Tesla ev owner into a Tesla salesperson/future owner lol. Also more revenue from supercharging network! Epic win!"
1375336751489642496,Fri Mar 26 06:40:08 +0000 2021,0,0,"RT @BLaw: Elon Musk‚Äôs anti-union tweet was illegal, National Labor Relations Board ruled. https://t.co/OSCPuS1G3y"
1375336752148316160,Fri Mar 26 06:40:08 +0000 2021,0,0,"@DrunkSt3pdad @maddow @CountryB1994 Ah yes the ""meteors"". I heard that it was god emperor Musk having technical difficulties. That was an expensive fireworks display. The Starship blowups were great too. I just don't know how all of this will get us into space. But what do I know? I'm not a sociopathic billionaire."
1375336754069319680,Fri Mar 26 06:40:09 +0000 2021,0,0,"RT @maxkeiser: A Tesla is the new pizza 

10 years from now people will be amazed that someone spent a whole #Bitcoin for a Tesla"
1375336754853638147,Fri Mar 26 06:40:09 +0000 2021,0,0,RT @clement_lepine: @elonmusk Creality Under 3 https://t.co/Hd2shtY4rS
1375336760801120257,Fri Mar 26 06:40:10 +0000 2021,0,0,"RT @Tesla: 6,000+ Superchargers across Europe ‚Äî at 600 locations and counting!

üì∏ by @EPavlic, @MinimalDuck &amp; @_better_e https://t.co/Yf36H‚Ä¶"
1375336760750772226,Fri Mar 26 06:40:10 +0000 2021,0,0,"Atmospheric re-entry of a 4300kg SpaceX FALCON 9 rocket body (2021-017BN) as observed from Portland, Oregon last night (PDT). https://t.co/pQ6Bk9jliW"
1375336760947843073,Fri Mar 26 06:40:10 +0000 2021,0,0,"@elonmusk Duly noted, sir

(writing that down on a piece of paper)"
1375336761325412354,Fri Mar 26 06:40:11 +0000 2021,0,0,"Moody's —É–ª—É—á—à–∏–ª–æ —Ä–µ–π—Ç–∏–Ω–≥ Tesla –¥–æ ""–í–∞3"" —Å ""–í2"", –ø—Ä–æ–≥–Ω–æ–∑ –ø–æ–∑–∏—Ç–∏–≤–Ω—ã–π

  https://t.co/I4qAD6y6Wh https://t.co/yNOkCzmH3n"
1375336761472212992,Fri Mar 26 06:40:11 +0000 2021,0,0,"RT @InfraredArmy: ""If there's ever a scandal about me...""
--Elon Musk, March 25, 2021 https://t.co/wc6Zt9K5ya"
1375336761539186691,Fri Mar 26 06:40:11 +0000 2021,0,0,"RT @PPathole: In 2008, @elonmusk had to borrow money from friends for paying his rent. He basically invested all the money he had from PayP‚Ä¶"
1375336763309355009,Fri Mar 26 06:40:11 +0000 2021,0,0,"RT @BW: $4,230 electric vehicles are tapping into a new type of customer in China that Tesla can‚Äôt reach https://t.co/XTxyRwqxxn"
1375336769722351616,Fri Mar 26 06:40:13 +0000 2021,0,0,@bobbyclee @Tesla @elonmusk @RemindMe_OfThis in 8 months
1375336770968154114,Fri Mar 26 06:40:13 +0000 2021,0,0,RT @bzdarling: Me at Tesla showroom with $1375 and an eighth https://t.co/ctaZQYRxzl
1375336771047849985,Fri Mar 26 06:40:13 +0000 2021,0,0,"RT @LH7100: @elonmusk Hie @elonmusk @Tesla Will there be some royalties if I buy a Tesla using #BTC ? I mean, if BTC increases in value, ca‚Ä¶"
1375336771328872451,Fri Mar 26 06:40:13 +0000 2021,0,0,"@dladowitz Gotcha, boss! I've set your reminder for Friday, 26 November 2021 at 12:00 GMT+0000.

https://t.co/glunLmJQ32"
1375336773203722240,Fri Mar 26 06:40:13 +0000 2021,0,0,"RT @TheOnion: Elon Musk, Texas: Apartheid. https://t.co/xzOglJuRyV https://t.co/SSlqHlD3sM"
1375336778899599364,Fri Mar 26 06:40:15 +0000 2021,0,0,"@proceso Para que mierdas va promover un golpe por el litio si pod√≠a comprarlo regalado sobornando a la caterva de delincuentes que estaban y siguen gobernando, se aplaz√≥ como mafioso Elon."
1375336780447162368,Fri Mar 26 06:40:15 +0000 2021,0,0,"RT @PPathole: In 2008, @elonmusk had to borrow money from friends for paying his rent. He basically invested all the money he had from PayP‚Ä¶"
1375336780711428096,Fri Mar 26 06:40:15 +0000 2021,0,0,"#„Éì„ÉÉ„Éà„Ç≥„Ç§„É≥ „Åß #„ÉÜ„Çπ„É© „ÇíË≤∑„ÅÜ„ÅÆ„ÅØ„Åæ„Å†Á∞°Âçò„Åß„ÅØ„Å™„ÅÑ„ÄÇ

ÁêÜÁî±„ÅÆ‰∏Ä„Å§„Å´„ÄÅ
Ê±∫Ê∏àÊôÇÈñì„Å´30ÂàÜ„ÇÇ„Åã„Åã„Å£„Å¶„Åó„Åæ„ÅÑ„ÄÅ30ÂàÜ„ÇÇ„ÅÇ„Çå„Å∞‰æ°Ê†º„ÇÇÂ§â„Çè„Å£„Å¶„Åó„Åæ„ÅÜ‰∫ã„ÅåÂïèÈ°åË¶ñ„Åï„Çå„Å¶„ÅÑ„Çã„ÄÇ

https://t.co/4Hs4psx7l7"
1375336781286010882,Fri Mar 26 06:40:15 +0000 2021,0,0,"RT @NasSpaceflight: @magmalaya Kalau sudi bacalah thread ni jugak
https://t.co/llPoAlVztL"
1375336782233935877,Fri Mar 26 06:40:16 +0000 2021,0,0,"RT @GunnelsWarren: Billionaire families would pay $1 trillion more in taxes under Bernie's new estate tax bill including:

‚¨ÜÔ∏è$85.8 billion:‚Ä¶"
1375336784674967563,Fri Mar 26 06:40:16 +0000 2021,0,0,RT @blockfolio: Elon Musk is now buying bitcoin with Tesla cars.
1375336784549265413,Fri Mar 26 06:40:16 +0000 2021,0,0,"@Apex_KJ @Kristennetten ü§Ø!!! 

You are a consumer of the company (@Tesla) that you, @elonmusk, me and some others, we own!!! 

Congrats!!!"
1375336786080243712,Fri Mar 26 06:40:16 +0000 2021,0,0,@Erdayastronaut @considercosmos @SpacePadreIsle @andrutay @bstineman @SpaceX @yousuckMZ @yousuck2020 Thank you so much Tim ready to watch in the UK
1375336787204218881,Fri Mar 26 06:40:17 +0000 2021,0,0,Tesla. https://t.co/IGfBeFhDuG
1375336787833278467,Fri Mar 26 06:40:17 +0000 2021,0,0,RT @ByMikeBaker: Some incredible footage of the (apparent) SpaceX debris hurtling over the Pacific Northwest tonight
1375336789263720455,Fri Mar 26 06:40:17 +0000 2021,0,0,"RT @elonmusk: Tesla is using only internal &amp; open source software &amp; operates Bitcoin nodes directly.

Bitcoin paid to Tesla will be retaine‚Ä¶"
1375336789595013121,Fri Mar 26 06:40:17 +0000 2021,0,0,"@Tesla @elonmusk @EPavlic @MinimalDuck @_better_e And not a single one in, or around Barcelona."
1375336792468062209,Fri Mar 26 06:40:18 +0000 2021,0,0,@lykanprince @ShutterWolf That was some pieces of SpaceX falling into the PNW.
1375336794577891330,Fri Mar 26 06:40:19 +0000 2021,0,0,@iam3ddie So we must forget about a Tesla here
1375336796951875585,Fri Mar 26 06:40:19 +0000 2021,0,0,RT @JoTrader4: $PLTR I think this speaks to several stocks right now but people like Musk and Karp are on different levels. $TSLA https://t‚Ä¶
1375336801339117569,Fri Mar 26 06:40:20 +0000 2021,0,0,@SouthSurviving @RustyBalls6 @PPathole @elonmusk @Tesla @SpaceX this https://t.co/lZrcXYXB4g
1375336802333024263,Fri Mar 26 06:40:20 +0000 2021,0,0,"RT @CryptoSupreme18: #Tesla will never accept #Ethereum because it requires gas.

ü§£ü§£ü§£ü§£ü§£"
1375336804363206656,Fri Mar 26 06:40:21 +0000 2021,0,0,"RT @Marvy___: Her joy knew no bounds

Ebuka #BBNaija #Henrygives Tinubu lakers #BugsBunnychallenge #lautech Elon violence Nengi and payport‚Ä¶"
1375336804753244162,Fri Mar 26 06:40:21 +0000 2021,0,0,RT @bzdarling: Me at Tesla showroom with $1375 and an eighth https://t.co/ctaZQYRxzl
1375336807907217409,Fri Mar 26 06:40:22 +0000 2021,0,0,"RT @PPathole: In 2008, @elonmusk had to borrow money from friends for paying his rent. He basically invested all the money he had from PayP‚Ä¶"
1375336808523915265,Fri Mar 26 06:40:22 +0000 2021,0,0,"RT @28delayslater: Elon giving owners the FSDBeta button 

 https://t.co/rtkwq3E1oZ"
1375336809341804544,Fri Mar 26 06:40:22 +0000 2021,0,0,"RT @mn_lastborn: J Cole - Some niggas make millions, other niggas make memes...

Elon Musk - making billions and memes.

J Cole - https://t‚Ä¶"
1375336809157292032,Fri Mar 26 06:40:22 +0000 2021,0,0,üëÄ
1375336812739096577,Fri Mar 26 06:40:23 +0000 2021,0,0,"RT @NasSpaceflight: Tahukah anda?

Satelit pertama yang berjaya dilancarkan oleh @SpaceX ke orbit ialah satelit dari Malaysia üá≤üáæ 

Ya betul‚Ä¶"
1375336816312643585,Fri Mar 26 06:40:24 +0000 2021,0,0,@tesla_raj @travjax71 @Tesla Agreed!
1375336816828645376,Fri Mar 26 06:40:24 +0000 2021,0,0,RT @teslaownersSV: 9th launch and landing of the same rocket. It never gets old watching. @elonmusk https://t.co/gujEiWzZGG
1375336819345268738,Fri Mar 26 06:40:24 +0000 2021,0,0,@LootexIO @BinanceChain @dogecoin @elonmusk @IvanOnTech @earnwithrk @EarnWithSapna @TechHelpInHind2 @sumitkapoor16 @pushpendrakum @open4profit @ThinkingCrypto1 @CryptoHindiO
1375336820830052355,Fri Mar 26 06:40:25 +0000 2021,0,0,RT @trevken: The number of people who caught Elon Musks failed Falcon 9 second stage rocket reentering the atmosphere and mistook it for a‚Ä¶
1375336821274644482,Fri Mar 26 06:40:25 +0000 2021,0,0,https://t.co/XPrLUqX00D
1375336823380148224,Fri Mar 26 06:40:25 +0000 2021,0,0,RT @bzdarling: Me at Tesla showroom with $1375 and an eighth https://t.co/ctaZQYRxzl
1375336824567181312,Fri Mar 26 06:40:26 +0000 2021,0,0,"RT @TeslaStars: 2021 Tesla Model 3 Standard Range Plus Gets Top EPA Efficiency Rating

üöóüîã‚ö°Ô∏èü§ñü§©üëèüèª

The range is also one of the best - 263 mi‚Ä¶"
1375336825041076224,Fri Mar 26 06:40:26 +0000 2021,0,0,Sua mercearia aceita ouro?
1375336825879953413,Fri Mar 26 06:40:26 +0000 2021,0,0,@mohkenp @NWSSeattle Made by Elon ü§£
1375336825938583559,Fri Mar 26 06:40:26 +0000 2021,0,0,"#CryptoNews of the day:
üî•Elon Musk declares Tesla can now be bought with #Bitcoin
üî•Crypto exchange @latokens launches airdrop with 7 million $REAP tokens in rewards
Earn now: https://t.co/zxtbl4GyTl #LATOKEN #LatokenApp"
1375336827318497282,Fri Mar 26 06:40:26 +0000 2021,0,0,@Inzilya777 @elonmusk @universal_sci Maybe we are inside some one‚Äôs intestines too ü§Ø
1375336831391252482,Fri Mar 26 06:40:27 +0000 2021,0,0,"RT @PPathole: In 2008, @elonmusk had to borrow money from friends for paying his rent. He basically invested all the money he had from PayP‚Ä¶"
1375336831261110277,Fri Mar 26 06:40:27 +0000 2021,0,0,"Hey @elonmusk Take me with you on mars , people here on earth is too toxic....üôÇ

CBI File 302 In SSR Case"
1375336831630278656,Fri Mar 26 06:40:27 +0000 2021,0,0,RT @bzdarling: Me at Tesla showroom with $1375 and an eighth https://t.co/ctaZQYRxzl
1375336832569868288,Fri Mar 26 06:40:28 +0000 2021,0,0,"RT @BLaw: Elon Musk‚Äôs anti-union tweet was illegal, National Labor Relations Board ruled. https://t.co/OSCPuS1G3y"
1375336833312231433,Fri Mar 26 06:40:28 +0000 2021,0,0,RT @bzdarling: Me at Tesla showroom with $1375 and an eighth https://t.co/ctaZQYRxzl
1375336837732917249,Fri Mar 26 06:40:29 +0000 2021,0,0,RT @bzdarling: Me at Tesla showroom with $1375 and an eighth https://t.co/ctaZQYRxzl
1375336838051811333,Fri Mar 26 06:40:29 +0000 2021,0,0,"RT @Erdayastronaut: Documenting history in 12K üòç yes, that‚Äôs 80 megapixel images, 30 times a second... might be the last chance to see #SN1‚Ä¶"
1375336842279727106,Fri Mar 26 06:40:30 +0000 2021,0,0,So funny. Indeed she will never forget this testimony in her life.
1375336844150198274,Fri Mar 26 06:40:30 +0000 2021,0,0,"RT @JavierHerzandez: @magmalaya This fact is remain unknown by a lot of Malaysian! The first SpaceX rocket was actually launched in Besut,‚Ä¶"
1375336848898265089,Fri Mar 26 06:40:31 +0000 2021,0,0,Penso che @elonmusk porter√† il mondo a cambiamenti epocali. Me lo sento.. preparatevi üî•
1375336856867336192,Fri Mar 26 06:40:33 +0000 2021,0,0,RT @magmalaya: Yo. Bendera Malaysia. Why? How? What happened?
1375336857462968329,Fri Mar 26 06:40:33 +0000 2021,0,0,"@Jernau_mGurgeh @MarcusHouse @elonmusk @answerswithjoe @austinbarnard45 @Erdayastronaut @BocaChicaGal Super well-done concept! Only immediate issue I can see is deployment and retraction, looks like RVacs are in the way üòÖ"
1375336862882086912,Fri Mar 26 06:40:35 +0000 2021,0,0,"RT @Marvy___: Her joy knew no bounds

Ebuka #BBNaija #Henrygives Tinubu lakers #BugsBunnychallenge #lautech Elon violence Nengi and payport‚Ä¶"
1375336863184003073,Fri Mar 26 06:40:35 +0000 2021,0,0,RT @magmalaya: Yo. Bendera Malaysia. Why? How? What happened?
1375336863225933825,Fri Mar 26 06:40:35 +0000 2021,0,0,Earn a share of 7 million $REAP cryptocurrency in the Reapit airdrop on @latokens. Complete quick and easy social tasks to win https://t.co/oHERI3TKXZ #LATOKEN #LatokenApp #Tesla #Bitcoin
1375336864568111111,Fri Mar 26 06:40:35 +0000 2021,0,0,"RT @oo_labs: @currencyat @newsycombinator Blast it off- it‚Äôs already cost $9bn 
a few thousand neatly placed underwater fireworks should do‚Ä¶"
1375336868699574273,Fri Mar 26 06:40:36 +0000 2021,0,0,RT @elonmusk: You can now buy a Tesla with Bitcoin
1375336870855340033,Fri Mar 26 06:40:37 +0000 2021,0,0,@clstokes Just Elon Musk burning some benjamins.
1375336874496040960,Fri Mar 26 06:40:38 +0000 2021,0,0,RT @takeiteasyjack: rip nikola tesla he would‚Äôve hated elon musk
1375336877688041472,Fri Mar 26 06:40:38 +0000 2021,0,0,@elonmusk no do pass this one
1375336881307725825,Fri Mar 26 06:40:39 +0000 2021,0,0,"An√≠mate, cabr√≥n!"
1375336881945251842,Fri Mar 26 06:40:39 +0000 2021,0,0,i see why elon musk and ye are friends.
1375336884826693636,Fri Mar 26 06:40:40 +0000 2021,0,0,Elon's #meteor reminded me of Columbia. üòî
1375336887980802048,Fri Mar 26 06:40:41 +0000 2021,0,0,"RT @AustinTeslaClub: Hope you‚Äôre having a fabulous afternoon, whatever you‚Äôre doing, and wherever you are.
The drone just landed five minut‚Ä¶"
1375336889713106950,Fri Mar 26 06:40:41 +0000 2021,0,0,RT @clement_lepine: @elonmusk https://t.co/50QQ50ctfn
1375336889666920449,Fri Mar 26 06:40:41 +0000 2021,0,0,we're literally living in a movie.
1375336898139463681,Fri Mar 26 06:40:43 +0000 2021,0,0,@Fab2Mlj @JonathanSottas @saintesavine10 √áa ressemble au projet Starlink d‚ÄôElon Musk.
1375336900563623936,Fri Mar 26 06:40:44 +0000 2021,0,0,Earn a share of 7 million $REAP cryptocurrency in the Reapit airdrop on @latokens. Complete quick and easy social tasks to win https://t.co/PLlZBX4PXe #LATOKEN #LatokenApp #Tesla #Bitcoin
1375336904841957379,Fri Mar 26 06:40:45 +0000 2021,0,0,RT @teslaownersSV: The roadster is going to revolutionize the definition of super car. @elonmusk https://t.co/5BDEuMZAQI
1375336905085173760,Fri Mar 26 06:40:45 +0000 2021,0,0,"RT @artistsof_earth: @elonmusk we sent you &amp; @gendai_art_caf @yousuck2020 &amp; the family of @Astro_Doug &amp; @AstroKarenN one print each of ""Eye‚Ä¶"
1375336906448338946,Fri Mar 26 06:40:45 +0000 2021,0,0,"""rich apartheid gem mining family"" üôÑ. The dude worked his ass off. Accept it. Thank you @PPathole"
1375336905559117825,Fri Mar 26 06:40:45 +0000 2021,0,0,@elonmusk Keep on Cracking Elon! Soon CaF2 Fluorite https://t.co/GbrPYEKez6
1375336909258493954,Fri Mar 26 06:40:46 +0000 2021,0,0,"RT @AMaffeiWX: FYI: If you are in the Pacific Northwest (Washington, Oregon, and California) and saw something reentering the atmosphere...‚Ä¶"
1375336912500707329,Fri Mar 26 06:40:47 +0000 2021,0,0,"RT @Marvy___: Her joy knew no bounds

Ebuka #BBNaija #Henrygives Tinubu lakers #BugsBunnychallenge #lautech Elon violence Nengi and payport‚Ä¶"
1375336912911618054,Fri Mar 26 06:40:47 +0000 2021,0,0,"@elonmusk $TSLA #stock now paired with #Bitcoin$BTC 

...on the @Mettalex $MTLX #Exchange 

Powered by @Fetch_ai $FET

@HMsheikh4 owner of #Fetch_ai #FET &amp; @elonmusk owner of @Tesla #TSLA #Tesla

 @Bitcoin #Mettalex #MTLX https://t.co/eLU3xUuvNz"
1375336913616314369,Fri Mar 26 06:40:47 +0000 2021,0,0,RT @magmalaya: Yo. Bendera Malaysia. Why? How? What happened?
1375336914744717312,Fri Mar 26 06:40:47 +0000 2021,0,0,@MrBeast @Jack_Septic_Eye Commenting in @MrBeast's Twitter Post until he buys me a Tesla Model 3 Performance: Post Nr. 489
1375336915688374274,Fri Mar 26 06:40:47 +0000 2021,0,0,@elonmusk Starship Rocket prepares for launch testing coming up ahead in boca chica lfacility Texas https://t.co/AQevrMZDZs
1375336918821568520,Fri Mar 26 06:40:48 +0000 2021,0,0,"RT @TheSlopStache: Sweet billionaire's failure! I felt really lucky to see this enormous meteor over Seattle tonight, and then found out la‚Ä¶"
1375336920935497729,Fri Mar 26 06:40:49 +0000 2021,0,0,RT @AstroJordy: @elonmusk https://t.co/qiQN16NlI5
1375336921078054912,Fri Mar 26 06:40:49 +0000 2021,0,0,RT @elonmusk: Mars rover looking back https://t.co/oaFOCezRuU
1375336923443564546,Fri Mar 26 06:40:49 +0000 2021,0,0,"RT @PPathole: In 2008, @elonmusk had to borrow money from friends for paying his rent. He basically invested all the money he had from PayP‚Ä¶"
1375336923376521219,Fri Mar 26 06:40:49 +0000 2021,0,0,"RT @CryptoFuturama: One day @elonmusk will talk about #drctoken for sure, because the best SOV actually and greatest #Ethereum project."
1375336924194422784,Fri Mar 26 06:40:49 +0000 2021,0,0,RT @bzdarling: Me at Tesla showroom with $1375 and an eighth https://t.co/ctaZQYRxzl
1375336924441935875,Fri Mar 26 06:40:49 +0000 2021,0,0,RT @elonmusk: You can now buy a Tesla with Bitcoin
1375336931287052289,Fri Mar 26 06:40:51 +0000 2021,0,0,"RT @JunkoSu22993224: I'm giving away a Tesla Cyber Truck to celebrate @elonmusk accepting Bitcoin.

To enter and qualify you must have 1 Ch‚Ä¶"
1375336933858152450,Fri Mar 26 06:40:52 +0000 2021,0,0,"RT @mn_lastborn: J Cole - Some niggas make millions, other niggas make memes...

Elon Musk - making billions and memes.

J Cole - https://t‚Ä¶"
1375336936538185733,Fri Mar 26 06:40:52 +0000 2021,0,0,"RT @cryptoneo17: #giveaway 50$ or 1000 #DogeCoins 

RT and Follow @Amadogecom 

#dogearmy sells first Tesla for #dogecoin via @Amadogecom a‚Ä¶"
1375336939407208449,Fri Mar 26 06:40:53 +0000 2021,0,0,"RT @fajarwahyuAsli: Listing #doge on @coinbase 

@davidgokhshtein @elonmusk @dogecoin @DogecoinRise @dogecoin_devs #dogecoin https://t.co/f‚Ä¶"
1375336939474219012,Fri Mar 26 06:40:53 +0000 2021,0,0,"RT @maxkeiser: A Tesla is the new pizza 

10 years from now people will be amazed that someone spent a whole #Bitcoin for a Tesla"
1375336939616894979,Fri Mar 26 06:40:53 +0000 2021,0,0,RT @teslaownersSV: 9th launch and landing of the same rocket. It never gets old watching. @elonmusk https://t.co/gujEiWzZGG
1375336941005250561,Fri Mar 26 06:40:53 +0000 2021,0,0,RT @trevken: The number of people who caught Elon Musks failed Falcon 9 second stage rocket reentering the atmosphere and mistook it for a‚Ä¶
1375336942968172544,Fri Mar 26 06:40:54 +0000 2021,0,0,RT @nypost: Mysterious light show over Seattle was likely debris from SpaceX rocket https://t.co/09LyZCxYQv https://t.co/OLNcur56cT
1375336944226344965,Fri Mar 26 06:40:54 +0000 2021,0,0,"RT @BLaw: Elon Musk‚Äôs anti-union tweet was illegal, National Labor Relations Board ruled. https://t.co/OSCPuS1G3y"
1375336945883222022,Fri Mar 26 06:40:55 +0000 2021,0,0,"RT @Tesla: 6,000+ Superchargers across Europe ‚Äî at 600 locations and counting!

üì∏ by @EPavlic, @MinimalDuck &amp; @_better_e https://t.co/Yf36H‚Ä¶"
1375336947841830915,Fri Mar 26 06:40:55 +0000 2021,0,0,"RT @bobbyclee: Would you prefer the DUAL MOTOR AWD model for my #CyberTruck give-away? All wheel drive, 300+ mile range, and 0-60 mph in un‚Ä¶"
1375336951121907717,Fri Mar 26 06:40:56 +0000 2021,0,0,RT @bzdarling: Me at Tesla showroom with $1375 and an eighth https://t.co/ctaZQYRxzl
1375336951562272768,Fri Mar 26 06:40:56 +0000 2021,0,0,"RT @TheOnion: Elon Musk, Texas: Apartheid. https://t.co/xzOglJuRyV https://t.co/SSlqHlD3sM"
1375336953655140352,Fri Mar 26 06:40:56 +0000 2021,0,0,@refinableapp Would love to see @elonmusk and other celebrities make art here $FINE
1375336954854772739,Fri Mar 26 06:40:57 +0000 2021,0,0,"@AustinKellerman Mmm dive bar. Musk, tobacco, pine and yeast."
1375336956222177282,Fri Mar 26 06:40:57 +0000 2021,0,0,"What Musk has been doing is somehow market exclusive.  Not easy to enter!!!  While you all may admire his success, stay calm and think twice... not to gamble when money is just enough for food!!!"
1375336956478042118,Fri Mar 26 06:40:57 +0000 2021,0,0,@elonmusk What the musk?
1375336957195251713,Fri Mar 26 06:40:57 +0000 2021,0,0,"RT @elonmusk: @howlpolitically @TheOnion 2/2
My father &amp; his extended family have been dependent on financial support from my brother &amp; me‚Ä¶"
1375336958277345283,Fri Mar 26 06:40:58 +0000 2021,0,0,Do you think it's a good idea that we can buy a Tesla with Bitcoin?
