created_at,text
Fri Mar 26 06:38:02 +0000 2021,RT @bzdarling: Me at Tesla showroom with $1375 and an eighth https://t.co/ctaZQYRxzl
Fri Mar 26 06:38:02 +0000 2021,SpaceX Falcon 9 rocket failure creates spectacular light show for Vancouver https://t.co/GgwYsjt0Dn @SpacedOutRadio  #spacedoutradio
Fri Mar 26 06:38:03 +0000 2021,"@elonmusk Dear @elonmusk  and when the scandal is difficult  to solve  called it  ""Elongated""
üòÄü§èü§èüí•"
Fri Mar 26 06:38:03 +0000 2021,"RT @AMaffeiWX: FYI: If you are in the Pacific Northwest (Washington, Oregon, and California) and saw something reentering the atmosphere...‚Ä¶"
Fri Mar 26 06:38:04 +0000 2021,"@ABlackPunk @astroride2000 @brianstelter @Watchdogsniffer @planet4589 @SpaceX It isn't a one time thing, this happens a lot, not just spacecraft, but an estimated 25 million meteoroids, micrometeoroids, &amp; other space debris enter the atmosphere every day, a very high % of that burns up &amp; never actually hits earth"
Fri Mar 26 06:38:05 +0000 2021,@DieselQueen1979 @SpaceX so mad i missed it i think i was on the roof then
Fri Mar 26 06:38:05 +0000 2021,"RT @flurtft: @elonmusk giving away $100 in #bitcoin, just retweet this and check my profile to check that i am legit. also giving away $100‚Ä¶"
Fri Mar 26 06:38:06 +0000 2021,Elon Musk liked a tweet from Pranay Pathole https://t.co/yADXwAz1Y5
Fri Mar 26 06:38:06 +0000 2021,"RT @ThePlanetaryGuy: This is the @SpaceX Falcon 9 second stage from a March 4th launch, learning what it is like to kiss the upper atmosphe‚Ä¶"
Fri Mar 26 06:38:06 +0000 2021,"Elon Musk Violated Labor Laws With 2018 Tweet, Tesla Ordered To Reinstate Union Activist $TSLA https://t.co/sof9lfk67Y via @benzinga"
Fri Mar 26 06:38:06 +0000 2021,"RT @PPathole: In 2008, @elonmusk had to borrow money from friends for paying his rent. He basically invested all the money he had from PayP‚Ä¶"
Fri Mar 26 06:38:08 +0000 2021,"RT @JohnCleese: Portable. 0 Deaths. Authentic. Instant Wealth. Very light. Your choice is obvious! 
@jimcramer
@MadMoneyOnCNBC
@justinsuntr‚Ä¶"
Fri Mar 26 06:38:09 +0000 2021,RT @bzdarling: Me at Tesla showroom with $1375 and an eighth https://t.co/ctaZQYRxzl
Fri Mar 26 06:38:09 +0000 2021,RT @bzdarling: Me at Tesla showroom with $1375 and an eighth https://t.co/ctaZQYRxzl
Fri Mar 26 06:38:09 +0000 2021,RT @UFOcommunity: Dazzling sky show over (USA) Pacific Northwest tonight was @SpaceX rocket booster falling out of orbit - #Falcon9 https:/‚Ä¶
Fri Mar 26 06:38:10 +0000 2021,@elonmusk Elon chokeüòÇüòÇ
Fri Mar 26 06:38:10 +0000 2021,"@NuclearAnthro @ContextSans @QuinnyPig Whatever happened to that secret Nikola Tesla earthquake machine? Let's set up some standing harmonics, liquefy the sandbank, and shove it outta there with a big'ol magnet."
Fri Mar 26 06:38:11 +0000 2021,RT @MorePerfectUS: BREAKING: Elon Musk illegally fired a pro-union Tesla worker &amp; threatened to strip employees of benefits if they formed‚Ä¶
Fri Mar 26 06:38:11 +0000 2021,RT @philthatremains: He should retweet it.
Fri Mar 26 06:38:11 +0000 2021,@BigTechAlert @elonmusk @TheOnion About time.
Fri Mar 26 06:38:11 +0000 2021,RT @SPACEdotcom: NASA astronauts get up-close look at SpaceX's Starship SN11 prototype (photo) https://t.co/lRS17IEayY https://t.co/nMviB8i‚Ä¶
Fri Mar 26 06:38:11 +0000 2021,"RT @kushtoby: What happens when you combine the riches of Elon Musk and Bill Gates?

The money ElonGates. https://t.co/xtsoBCZ9V6"
Fri Mar 26 06:38:12 +0000 2021,@SirBumbles @elonmusk take a look at the #beeple art tho when u are. it‚Äôs v cool :)
Fri Mar 26 06:38:13 +0000 2021,@memescryptor @CorinnaKopf @elonmusk @itsALLrisky @MattWallace888 Ass n heels like snacks before a meal
Fri Mar 26 06:38:13 +0000 2021,"RT @anniepoorch: Here are my Oranges to brighten your eveningüòä.  Follow to unlock my DMüçÜüçë

Airtime #BugsBunnychallenge Tom and Jerry #BBNai‚Ä¶"
Fri Mar 26 06:38:16 +0000 2021,@elonmusk Eth
Fri Mar 26 06:38:16 +0000 2021,RT @tweetsoutloud: Heck of a reentry here from a SpaceX rocket
Fri Mar 26 06:38:18 +0000 2021,"@elonmusk We should take care of our world, instead of reaping it to peaces and making a mars from it"
Fri Mar 26 06:38:19 +0000 2021,RT @MorePerfectUS: BREAKING: Elon Musk illegally fired a pro-union Tesla worker &amp; threatened to strip employees of benefits if they formed‚Ä¶
Fri Mar 26 06:38:20 +0000 2021,"#AskElon
@elonmusk"
Fri Mar 26 06:38:21 +0000 2021,@elonmusk Hello Musk
Fri Mar 26 06:38:21 +0000 2021,Tesla„ÅÆÂÇ∑„Å®„ÅãÈ£õ„Å≥Áü≥„Å´‰Ωø„Åà„ÇãÂ∞ÇÁî®„ÅÆ„Çø„ÉÉ„ÉÅ„Éö„Ç§„É≥„Éà„ÅÇ„Çä„Åæ„Åõ„Çì„Åß„Åó„Åü„Å£„ÅëÔºüÔºüÔºü
Fri Mar 26 06:38:21 +0000 2021,@elonmusk https://t.co/Ttg9nyBFbs
Fri Mar 26 06:38:22 +0000 2021,"RT @cryptoneo17: #giveaway 50$ or 1000 #DogeCoins 

RT and Follow @Amadogecom 

#dogearmy sells first Tesla for #dogecoin via @Amadogecom a‚Ä¶"
Fri Mar 26 06:38:22 +0000 2021,"RT @Marvy___: Her joy knew no bounds

Ebuka #BBNaija #Henrygives Tinubu lakers #BugsBunnychallenge #lautech Elon violence Nengi and payport‚Ä¶"
Fri Mar 26 06:38:22 +0000 2021,@SteveSeow @WyzeCam @elonmusk Yes is it.. Starlink Falcon 9 failed deorbit .. even better catch!! ü§ò
Fri Mar 26 06:38:22 +0000 2021,"@Block385 @PancakeSwap @elonmusk 
@kimbal 
@mayemusk"
Fri Mar 26 06:38:24 +0000 2021,"RT @TheOnion: Elon Musk, Texas: Apartheid. https://t.co/xzOglJuRyV https://t.co/SSlqHlD3sM"
Fri Mar 26 06:38:24 +0000 2021,"RT @EternalBull2: @elonmusk Strap in! We're going places soon

Preparing to make $DVG my biggest yetüí∞

Most potential coin out there and ea‚Ä¶"
Fri Mar 26 06:38:24 +0000 2021,BREAKING‚ö°üôÇ #edmonton #yeg #tesla job openings below https://t.co/pyjRziDWcj
Fri Mar 26 06:38:25 +0000 2021,RT @MorePerfectUS: BREAKING: Elon Musk illegally fired a pro-union Tesla worker &amp; threatened to strip employees of benefits if they formed‚Ä¶
Fri Mar 26 06:38:25 +0000 2021,"@Tesla @elonmusk @EPavlic @MinimalDuck @_better_e Hi! Please üôèüèª open Superchargers in Ukraine, ukrainian #Tesla owners is waiting"
Fri Mar 26 06:38:25 +0000 2021,"@CrypticMessang1 @FinanceGoose @TyphoonCrypto Have a look for some people with posts you like under #DeFi, #BSC or #CryptoCurrency - You can tag any 3 people on twitter, @elonmusk perhaps? üöÄ"
Fri Mar 26 06:38:25 +0000 2021,"@thefracasso @elonmusk @elonmusk for me too, ty S2"
Fri Mar 26 06:38:25 +0000 2021,"RT @LinkCrypto1: @CorinnaKopf @elonmusk Better get on that! @CorinnaKopf

@elonmusk you should get her to keep her promise on that! ü§£

@coi‚Ä¶"
Fri Mar 26 06:38:27 +0000 2021,RT @NWSMedford: We believe this is some type of space debris not a meteor.  We'll wait for official confirmation from @NASA or @SpaceX
Fri Mar 26 06:38:27 +0000 2021,@elonmusk Die mad lol
Fri Mar 26 06:38:29 +0000 2021,"@Erdayastronaut @considercosmos @SpacePadreIsle @andrutay @bstineman @SpaceX @yousuckMZ @yousuck2020 That is one crazy setup Tim! Wow! 

""Remember, he'll read anything you put on the teleprompter""."
Fri Mar 26 06:38:30 +0000 2021,@chicago_glenn @elonmusk This is me while viewing Elon lol https://t.co/NHvJcY3ZAF
Fri Mar 26 06:38:31 +0000 2021,"RT @TheOnion: Elon Musk, Texas: Apartheid. https://t.co/xzOglJuRyV https://t.co/SSlqHlD3sM"
Fri Mar 26 06:38:32 +0000 2021,RT @Kristennetten: The ‚Äúno handle‚Äù door system as shown by a @Tesla Roadster. @elonmusk https://t.co/dW7eycO8J7
Fri Mar 26 06:38:32 +0000 2021,@RetroHero64 @Nullxiety @calebrylanYT hate to tell ya but elon musk is the richest :/
Fri Mar 26 06:38:32 +0000 2021,"RT @Pivotal_Capital: The Musk PR Mafia has been working tirelessly to scrub this video from the internet, I saved a copy and uploaded it to‚Ä¶"
Fri Mar 26 06:38:33 +0000 2021,RT @Not_the_Bee: Researchers tricked Tesla vehicles into going 85 in a 35 using a little black tape. https://t.co/p1D5LzFQ8g
Fri Mar 26 06:38:33 +0000 2021,"RT @Teslaconomics: People spend so much time researching and comparing prices for hotels, furniture, etc. but are willing to easily spend $‚Ä¶"
Fri Mar 26 06:38:34 +0000 2021,"RT @HansLak: Very interesting food for thought on #VW #eMobility when will #Tesla and #Volkswagen close the collaboration gap? 
#Charging #‚Ä¶"
Fri Mar 26 06:38:34 +0000 2021,RT @magmalaya: Yo. Bendera Malaysia. Why? How? What happened?
Fri Mar 26 06:38:34 +0000 2021,RT @elonmusk: Mars rover looking back https://t.co/oaFOCezRuU
Fri Mar 26 06:38:36 +0000 2021,"RT @mn_lastborn: J Cole - Some niggas make millions, other niggas make memes...

Elon Musk - making billions and memes.

J Cole - https://t‚Ä¶"
Fri Mar 26 06:38:36 +0000 2021,RT @magmalaya: Yo. Bendera Malaysia. Why? How? What happened?
Fri Mar 26 06:38:36 +0000 2021,Tesla-Gr√ºnder: ‚ÄûShame on ZDF Info‚Äú ‚Äì Elon Musk legt sich mit ‚ÄûFrontal 21‚Äú an https://t.co/U10TV9nkIO via @welt. Elon Musk ist voll im Recht. Immer wieder werden verschiedene Institutionen geschickt um den Bauplan zu erschweren und somit hat er recht wenn er sagt ‚Äûsch√§mt euch ‚Äû
Fri Mar 26 06:38:37 +0000 2021,"RT @Indirakkdi: ""Texla"" brand ambassador from Srirangapatna üòú
Elon Musk considering to rename it.

@surnell @BroadWit @vschanna https://t.c‚Ä¶"
Fri Mar 26 06:38:38 +0000 2021,"RT @Chelsea_Fagan: The only thing that would make this Suez Canal ship story better is if Elon Musk inserted himself into the situation, lo‚Ä¶"
Fri Mar 26 06:38:39 +0000 2021,we all agree that we hate Elon Musk right?!
Fri Mar 26 06:38:39 +0000 2021,"@elonmusk @TheOnion @TheBabylonBee oh no, Space Boer mad"
Fri Mar 26 06:38:39 +0000 2021,"RT @cryptoneo17: #giveaway 50$ or 1000 #DogeCoins 

RT and Follow @Amadogecom 

#dogearmy sells first Tesla for #dogecoin via @Amadogecom a‚Ä¶"
Fri Mar 26 06:38:39 +0000 2021,@elonmusk dey calling u
Fri Mar 26 06:38:39 +0000 2021,"The ""meteor"" was more failure from Musk and SpaceX. At least it was just pretty and apparently harmless failure this time."
Fri Mar 26 06:38:40 +0000 2021,"@elonmusk 
@mayemusk 
@kimbal"
Fri Mar 26 06:38:40 +0000 2021,"@elonmusk DeFi is different from traditional banking in one major aspect, it is decentralized. In a traditional banking system, people or organizations take loans (borrow) from financial institutions and these institutions give loans (Lend). https://t.co/SNQQQ3Esfo"
Fri Mar 26 06:38:41 +0000 2021,"@MattTheShy @wilcanfly @emissaryofwind @elonmusk I never said ""Musk solves everything"". Au contraire! Elon's companies are working hard to solve some existential threats to humankind. But the original posting faulted him for not solving the hunger issue. It's not in his domain. Doing something is better than nothing"
Fri Mar 26 06:38:41 +0000 2021,"RT @TheOnion: Elon Musk, Texas: Apartheid. https://t.co/xzOglJuRyV https://t.co/SSlqHlD3sM"
Fri Mar 26 06:38:42 +0000 2021,RT @EvaFoxU: @elonmusk Art by Timothystewartshow/Reddit üíô https://t.co/ZUBzcYvrht
Fri Mar 26 06:38:42 +0000 2021,RT @yosoycrypto55: HOLO QTUM ONE and GVT WILL BE BIGGER THAN YOU THINK..They will not have a roof  369  333HZ  @qtum_or_kr  @qtum @artbrock‚Ä¶
Fri Mar 26 06:38:42 +0000 2021,"RT @tslaspacex: @elonmusk 
tsla = btc = doge
0.0"
Fri Mar 26 06:38:43 +0000 2021,RT @elonmusk: Mars rover looking back https://t.co/oaFOCezRuU
Fri Mar 26 06:38:43 +0000 2021,"RT @brianstelter: According to @planet4589, what folks saw in the Pacific NW sky was part of SpaceX's Falcon 9 that ""failed to make a deorb‚Ä¶"
Fri Mar 26 06:38:44 +0000 2021,"@KATUNews @OMSI This is the upper section of a SpaceX Falcon 9 rocket breaking up in the atmosphere. Normally that part of rocket intentionally falls into the atmosphere above the ocean, but it failed to do that for unknown reasons and eventually burned up above here."
Fri Mar 26 06:38:45 +0000 2021,RT @Hope_Rules: There is Federal Reserve and then there is Un-Federal Reserve! @Unfederalreser1 $eRSDL B2B lending defi platform. Launching‚Ä¶
Fri Mar 26 06:38:45 +0000 2021,RT @LeftAtLondon: This one‚Äôs called: Elon Musk goes back in time https://t.co/G5mSJxKSNH
Fri Mar 26 06:38:45 +0000 2021,@elonmusk @TheBabylonBee Please tell me the boring company is working on this üëÄ
Fri Mar 26 06:38:46 +0000 2021,"RT @PPathole: In 2008, @elonmusk had to borrow money from friends for paying his rent. He basically invested all the money he had from PayP‚Ä¶"
Fri Mar 26 06:38:46 +0000 2021,@TheRoaringKitty Im going to send you a 100$ bill to sign so i can hang it up on a wall in my mansion right next to where i park my Tesla roadster and space shuttle and dirtbike much love üôåüèºüöÄ
Fri Mar 26 06:38:46 +0000 2021,The U.S. Labor Commission must delete Tesla CEO Elon Musk‚Äôs anti-union tweets since¬†2018 https://t.co/CaDOX6rf7w
Fri Mar 26 06:38:47 +0000 2021,"RT @PPathole: In 2008, @elonmusk had to borrow money from friends for paying his rent. He basically invested all the money he had from PayP‚Ä¶"
Fri Mar 26 06:38:47 +0000 2021,RT @ByMikeBaker: Some incredible footage of the (apparent) SpaceX debris hurtling over the Pacific Northwest tonight
Fri Mar 26 06:38:48 +0000 2021,RT @robrousseau: #Elongate https://t.co/ptRUM5JYKp https://t.co/B3uostQvFo
Fri Mar 26 06:38:48 +0000 2021,"@elonmusk In DeFi, people themselves can lend their cryptocurrencies and earn interest income, while others can borrow money either from the DeFi finance platform or other lending users."
Fri Mar 26 06:38:48 +0000 2021,RT @mirekbujna: BREAKING: #Tesla is supposedly going to open Superchargers for non-Tesla EVs. Requirements? Adapter and the Tesla app. Pric‚Ä¶
Fri Mar 26 06:38:49 +0000 2021,"RT @JavierHerzandez: @magmalaya This fact is remain unknown by a lot of Malaysian! The first SpaceX rocket was actually launched in Besut,‚Ä¶"
Fri Mar 26 06:38:49 +0000 2021,RT @MorePerfectUS: BREAKING: Elon Musk illegally fired a pro-union Tesla worker &amp; threatened to strip employees of benefits if they formed‚Ä¶
Fri Mar 26 06:38:49 +0000 2021,"RT @justinsuntron: üì¢@HuobiGlobal will soon launch #TRX, #BTT, #JST, and #SUN trading campaigns with Tesla Model Y and 200,000 USDT as rewar‚Ä¶"
Fri Mar 26 06:38:49 +0000 2021,"RT @WholeMarsBlog: guys i‚Äôm telling you. FSD is the biggest thing ever. super bullish on this. 

nobody gets it, but I know what i‚Äôve seen.‚Ä¶"
Fri Mar 26 06:38:50 +0000 2021,"@BrandonLive @eloimauri @elonmusk Millions of people are happy users of Bitcoin. It means, mining is useful, as it makes Bitcoin possible. BTW, your own employer is using it (Microsoft's ION is running on Bitcoin mainnet): https://t.co/UFjP4kBoNx"
Fri Mar 26 06:38:50 +0000 2021,RT @elonmusk: @dmatkins137 @ShayneRarma @NASA Nothing stopping Tesla team at our car plant from voting union. Could do so tmrw if they want‚Ä¶
Fri Mar 26 06:38:51 +0000 2021,@elonisourhero @elonmusk Elon has said that roads were optimized for vision and that FSD can be a superhuman driver with just vision. Add to this his philosophy of ‚Äúthe best part is no part‚Äú.
Fri Mar 26 06:38:51 +0000 2021,"RT @AMaffeiWX: FYI: If you are in the Pacific Northwest (Washington, Oregon, and California) and saw something reentering the atmosphere...‚Ä¶"
Fri Mar 26 06:38:52 +0000 2021,RT @Scobleizer: SpaceX debris.
Fri Mar 26 06:38:52 +0000 2021,"RT @Tesla: 6,000+ Superchargers across Europe ‚Äî at 600 locations and counting!

üì∏ by @EPavlic, @MinimalDuck &amp; @_better_e https://t.co/Yf36H‚Ä¶"
Fri Mar 26 06:38:53 +0000 2021,RT @juelam26: @elonmusk officially has my #Bitcoin for Tesla. The transaction is done in a few seconds. https://t.co/WJbdxwpdaD
Fri Mar 26 06:38:53 +0000 2021,@BoredElonMusk Do I have to remind you as Church of scientists we have made entire Illegal Cosmic Industry worth even more then Entire Company of Elon Musk Ever Had and worth more then His entire Fortune!?
Fri Mar 26 06:38:54 +0000 2021,RT @CorinnaKopf: the doge ass tattoo still coming i swear üò≠ @elonmusk
Fri Mar 26 06:38:55 +0000 2021,RT @Pika_Doge: @FluturIsabela @DanO37088867 @elonmusk @Steven_McKie Should we? @itstimwhite @dogecoin_empire we can always just do an conte‚Ä¶
Fri Mar 26 06:38:55 +0000 2021,Earn a share of 7 million $REAP cryptocurrency in the Reapit airdrop on @latokens. Complete quick and easy social tasks to win https://t.co/Fv77XR6oRx #LATOKEN #LatokenApp #Tesla #Bitcoin
Fri Mar 26 06:38:55 +0000 2021,"RT @artistsof_earth: @elonmusk we sent you &amp; @gendai_art_caf @yousuck2020 &amp; the family of @Astro_Doug &amp; @AstroKarenN one print each of ""Eye‚Ä¶"
Fri Mar 26 06:38:55 +0000 2021,RT @SPACEdotcom: NASA astronauts get up-close look at SpaceX's Starship SN11 prototype (photo) https://t.co/lRS17IEayY https://t.co/nMviB8i‚Ä¶
Fri Mar 26 06:38:56 +0000 2021,@elonmusk @Matthew_Nolan1 https://t.co/m2k74FDGit
Fri Mar 26 06:38:56 +0000 2021,"@kroschel @CheshireKatrin @elonmusk @EvaFoxU Katrin has the idiots/fascists flag right beside her name.
That's enough to know."
Fri Mar 26 06:38:57 +0000 2021,RT @elonmusk: Strongest argument against aliens https://t.co/eF2FFZpJQE
Fri Mar 26 06:38:57 +0000 2021,Elon musk blowing up rockets over my head while I take a nap
Fri Mar 26 06:38:57 +0000 2021,Elon's tech Bro-Nasa is going to get us all killed.
Fri Mar 26 06:38:57 +0000 2021,"RT @cryptoneo17: #giveaway 50$ or 1000 #DogeCoins 

RT and Follow @Amadogecom 

#dogearmy sells first Tesla for #dogecoin via @Amadogecom a‚Ä¶"
Fri Mar 26 06:38:58 +0000 2021,"RT @dominiccahoy: #LATTICE $LTX AMA TOMORROW ON KUCOIN!!! LET THE PUMP TO $2 BEGIN!!!! 

$DAG $DOT $UNI $XRP $BTC $ETH $DOGE $EOS $IOTA $AD‚Ä¶"
Fri Mar 26 06:38:58 +0000 2021,"@WholeMarsBlog If 500k more cars get made in 2021 the chances are Tesla could grow sales by 750k-1mil in 2022 with a full year of Berlin and Austin ramping production - especially Cybertruck. And China making Model2.
That's my view at least."
Fri Mar 26 06:38:59 +0000 2021,"@Tesla @elonmusk @EPavlic @MinimalDuck @_better_e A question on my mind is; are those chargers easy to upgrade in the future? I mean, its still a super fast evolving car, its still possible that the way of charging and maybe even the plugs, are going to change over the years."
Fri Mar 26 06:38:59 +0000 2021,@brandonee916 There are two groups of people - those who think FSD will never happen and those who think it is easy and why Tesla is so slow on developing it. Only people who works in software development especially in complex projects with AI knows how hard it is. But it is possible.
Fri Mar 26 06:38:59 +0000 2021,"@marc_benton If you do, @elonmusk definitely won‚Äôt give you a #Roadster"
Fri Mar 26 06:38:59 +0000 2021,"RT @Tesla: 6,000+ Superchargers across Europe ‚Äî at 600 locations and counting!

üì∏ by @EPavlic, @MinimalDuck &amp; @_better_e https://t.co/Yf36H‚Ä¶"
Fri Mar 26 06:39:00 +0000 2021,gw kira ella musk bocil anjjrtt
Fri Mar 26 06:39:00 +0000 2021,"RT @zhusu: TESLA HAS BOUGHT $1.5BN IN BITCOIN - SEC FILING

#Bitcoin $BTC"
Fri Mar 26 06:39:01 +0000 2021,#FridayMeme x #ElonMusk https://t.co/pkz9aB8Tm4
Fri Mar 26 06:39:02 +0000 2021,"RT @Rager: Now we have @elonmusk @jack and @chamath in 

Imagine not buying Bitcoin"
Fri Mar 26 06:39:02 +0000 2021,RT @bzdarling: Me at Tesla showroom with $1375 and an eighth https://t.co/ctaZQYRxzl
Fri Mar 26 06:39:03 +0000 2021,I am so happy that my sole viral tweet is me stoned watching elon musk's space garbage fall out of the sky. We live in truly magical times üòå
Fri Mar 26 06:39:03 +0000 2021,@Darth_Trader23 $visl @SpaceX https://t.co/bRcIzPG41n
Fri Mar 26 06:39:04 +0000 2021,"‡¶Æ‡¶æ‡¶∏‡ßç‡¶ï ‡¶®‡¶æ ‡¶™‡¶∞‡¶≤‡ßá‡¶á ‡¶è‡¶ñ‡¶® ‡¶•‡ßá‡¶ï‡ßá ‡¶¶‡¶ø‡¶§‡ßá ‡¶π‡¶¨‡ßá ‡¶Æ‡ßã‡¶ü‡¶æ ‡¶Ö‡¶ô‡ßç‡¶ï‡ßá‡¶∞ ‡¶ú‡¶∞‡¶ø‡¶Æ‡¶æ‡¶®‡¶æ, ‡¶ï‡¶†‡ßã‡¶∞ ‡¶¶‡¶æ‡¶ì‡¶Ø‡¶º‡¶æ‡¶á ‡¶∞‡¶æ‡¶ú‡ßç‡¶Ø ‡¶∏‡¶∞‡¶ï‡¶æ‡¶∞‡ßá‡¶∞

https://t.co/tKrilxZEVp"
Fri Mar 26 06:39:05 +0000 2021,RT @ByMikeBaker: Some incredible footage of the (apparent) SpaceX debris hurtling over the Pacific Northwest tonight
Fri Mar 26 06:39:05 +0000 2021,"RT @ilkay_aykut: @justinsuntron Finally, Tesl,a bidding opens today. These funds will be enough for me to settle in a good area.
Best day i‚Ä¶"
Fri Mar 26 06:39:06 +0000 2021,"RT @Tesla: 6,000+ Superchargers across Europe ‚Äî at 600 locations and counting!

üì∏ by @EPavlic, @MinimalDuck &amp; @_better_e https://t.co/Yf36H‚Ä¶"
Fri Mar 26 06:39:06 +0000 2021,"RT @MKBHD: You can now BUY a depreciating asset with an appreciating asset ü§ë

(This is genius from Tesla though, and I‚Äôd expect no other ca‚Ä¶"
Fri Mar 26 06:39:07 +0000 2021,"#CryptoNews of the day:
üî•Elon Musk declares Tesla can now be bought with #Bitcoin
üî•Crypto exchange @latokens launches airdrop with 7 million $REAP tokens in rewards
Earn now: https://t.co/PhgNIyu2YX #LATOKEN #LatokenApp"
Fri Mar 26 06:39:07 +0000 2021,Earn a share of 7 million $REAP cryptocurrency in the Reapit airdrop on @latokens. Complete quick and easy social tasks to win https://t.co/01ThIKT6TH #LATOKEN #LatokenApp #Tesla #Bitcoin
Fri Mar 26 06:39:07 +0000 2021,"@beeple https://t.co/NT9d6NBsOg

@elonmusk 
#nft"
Fri Mar 26 06:39:07 +0000 2021,RT @teslaownersSV: 9th launch and landing of the same rocket. It never gets old watching. @elonmusk https://t.co/gujEiWzZGG
Fri Mar 26 06:39:08 +0000 2021,RT @matthewmspace: @altNOAA Looks like it‚Äôs part of a SpaceX launch from a couple weeks ago: https://t.co/GTPoxyUFCX
Fri Mar 26 06:39:08 +0000 2021,"@atopoless elon musk is a monster who deserves to lose everything
we should be collectively aiming for space, that's how we got to the moon, that's how we get further, musk doesn't want to advance mankind he wants to be the next Columbus complete with indentured servitude and slavery"
Fri Mar 26 06:39:08 +0000 2021,Big thank you to Elon for providing us with a visual metaphor for investing in NFTs tonight.
Fri Mar 26 06:39:09 +0000 2021,Holy fck this is a new one... @Keubiko #spacex .. debris on random cities ! Perfect !
Fri Mar 26 06:39:09 +0000 2021,RT @MorePerfectUS: BREAKING: Elon Musk illegally fired a pro-union Tesla worker &amp; threatened to strip employees of benefits if they formed‚Ä¶
Fri Mar 26 06:39:09 +0000 2021,RT @teslaownersSV: 9th launch and landing of the same rocket. It never gets old watching. @elonmusk https://t.co/gujEiWzZGG
Fri Mar 26 06:39:10 +0000 2021,"RT @MikeFlo46795160: WOW. JUST WOW!
14 &amp; 15 yr old alone in a @tesla traveling from FL to SC. Pulled over for going the wrong way. 1 kid in‚Ä¶"
Fri Mar 26 06:39:11 +0000 2021,"FAZ/dpa: Urteil gegen Tesla wegen gewerkschaftsfeindlichen Vorgehens - Konzernchef Elon Musk hatte Angestellten, die sich gewerkschaftlich organisieren wollten, mit Repressalien gedroht. Ein Mitarbeiter wurde entlassen https://t.co/RUpQn9SyrU @IGMetall @dgb_news @DGB_Berlin_BRB"
Fri Mar 26 06:39:12 +0000 2021,RT @bzdarling: Me at Tesla showroom with $1375 and an eighth https://t.co/ctaZQYRxzl
Fri Mar 26 06:39:12 +0000 2021,"RT @JavierHerzandez: @magmalaya This fact is remain unknown by a lot of Malaysian! The first SpaceX rocket was actually launched in Besut,‚Ä¶"
Fri Mar 26 06:39:13 +0000 2021,"RT @martineberle: @technikjuli @stang2k Hyundai Kona und Ioniq, Kia e-Niro, VW id.3 und id.4, Skoda Enyaq, Renault Zoe, Opel Corsa-e und Pe‚Ä¶"
Fri Mar 26 06:39:13 +0000 2021,RT @bzdarling: Me at Tesla showroom with $1375 and an eighth https://t.co/ctaZQYRxzl
Fri Mar 26 06:39:13 +0000 2021,RT @magmalaya: Yo. Bendera Malaysia. Why? How? What happened? https://t.co/upGBAlkj7n
Fri Mar 26 06:39:14 +0000 2021,"#CryptoNews of the day:
üî•Elon Musk declares Tesla can now be bought with #Bitcoin
üî•Crypto exchange @latokens launches airdrop with 7 million $REAP tokens in rewards
Earn now: https://t.co/Z0p4D5jYiB #LATOKEN #LatokenApp"
Fri Mar 26 06:39:14 +0000 2021,"RT @AMaffeiWX: FYI: If you are in the Pacific Northwest (Washington, Oregon, and California) and saw something reentering the atmosphere...‚Ä¶"
Fri Mar 26 06:39:14 +0000 2021,RT @bzdarling: Me at Tesla showroom with $1375 and an eighth https://t.co/ctaZQYRxzl
Fri Mar 26 06:39:14 +0000 2021,RT @AstroJordy: @elonmusk https://t.co/qiQN16NlI5
Fri Mar 26 06:39:15 +0000 2021,RT @FinanceLancelot: Elon Musk is aggressively going after the Tesla Self-Driving Scam video uploaded today and attempting to take it down‚Ä¶
Fri Mar 26 06:39:15 +0000 2021,"@skepticalor_lv @laserjohnny007 @GoncaloNMH @garyblack00 Right? Tesla is a prime example on how everyone is saying over &amp; over it is overvalued. And yea, for what they do TODAY, it might be overvalued, but the possibility for them to be THE big player in some years is huge! Its basicly like buying a rare painting at a much higher price"
Fri Mar 26 06:39:15 +0000 2021,RT @JustLiquidity: #FridayMeme x #ElonMusk https://t.co/pkz9aB8Tm4
Fri Mar 26 06:39:16 +0000 2021,@elonmusk There are and we are.
Fri Mar 26 06:39:19 +0000 2021,@reallybitch_420 @elonmusk ..... to drop at 2:38am or not too...... I am off of work tomorrow... you got a link for the lazy??
Fri Mar 26 06:39:19 +0000 2021,"RT @homepaintersng: Nigerians too dey play rubbish play üòÇ.

#BugsBunnychallenge Elon #Tinubu

https://t.co/x3XXs9nbXn"
Fri Mar 26 06:39:19 +0000 2021,RT @SPACEdotcom: SpaceX's Starlink satellite megaconstellation launches in photos https://t.co/LDAyzyldn1 https://t.co/5NqZWhc1Wq
Fri Mar 26 06:39:19 +0000 2021,"@BlakMic Found it, it was the spaceX rocket re-entering üåé atmosphere"
Fri Mar 26 06:39:20 +0000 2021,"RT @bobbyclee: Would you prefer the DUAL MOTOR AWD model for my #CyberTruck give-away? All wheel drive, 300+ mile range, and 0-60 mph in un‚Ä¶"
Fri Mar 26 06:39:20 +0000 2021,"RT @Tesla: 6,000+ Superchargers across Europe ‚Äî at 600 locations and counting!

üì∏ by @EPavlic, @MinimalDuck &amp; @_better_e https://t.co/Yf36H‚Ä¶"
Fri Mar 26 06:39:21 +0000 2021,RT @beeple: @elonmusk  i‚Äôll trade u NFT‚Äôs ü§åüèº
Fri Mar 26 06:39:22 +0000 2021,The even more beautiful non-crashy part
Fri Mar 26 06:39:23 +0000 2021,"RT @PPathole: In 2008, @elonmusk had to borrow money from friends for paying his rent. He basically invested all the money he had from PayP‚Ä¶"
Fri Mar 26 06:39:23 +0000 2021,"RT @JohnnaCrider1: Elon Musk helped Flint schools get clean water. 

He donated to Louisiana charities after Laura wipes most of SWLA out.‚Ä¶"
Fri Mar 26 06:39:23 +0000 2021,RT @Not_the_Bee: Researchers tricked Tesla vehicles into going 85 in a 35 using a little black tape. https://t.co/p1D5LzFQ8g
Fri Mar 26 06:39:25 +0000 2021,@ItaloCalcagni @ShirleyVR8 @kasper2space @yousuckMZ @yousuck2020 @carlyvanheerden @elonmusk @dearmoonproject Buongiorno Italo ! üöÄüåñ
Fri Mar 26 06:39:25 +0000 2021,"@brockgs @Tesla Oh wow... those calculations so far to avoid major injuries. During my test drive, the owner put it into self drive... it feels so weird..."
Fri Mar 26 06:39:25 +0000 2021,i just want a nice tesla .
Fri Mar 26 06:39:26 +0000 2021,RT @SawyerMerritt: BREAKING: I have been told by a few sources that Elon Musk held a company wide call today for Tesla. It was mostly a 202‚Ä¶
Fri Mar 26 06:39:27 +0000 2021,"RT @CityNewsVAN: A lot of people in the Vancouver and Seattle areas witnessed a Space X failure, as light streaked across the night sky Thu‚Ä¶"
Fri Mar 26 06:39:27 +0000 2021,@elonmusk Except your average BTC holder won't have a clue how to even try and make a payment
Fri Mar 26 06:39:28 +0000 2021,RT @bzdarling: Me at Tesla showroom with $1375 and an eighth https://t.co/ctaZQYRxzl
Fri Mar 26 06:39:29 +0000 2021,"Daily Plea to @elonmusk  - Please make SpaceX public. investors and enthusiasts from around the globe are awaiting the IPO.

Don't multi-layer that shit with Starlink. go for the cream already.

Thanks, sorry to disturb you. back to teaching myself block-chain programming."
Fri Mar 26 06:39:29 +0000 2021,"RT @PPathole: In 2008, @elonmusk had to borrow money from friends for paying his rent. He basically invested all the money he had from PayP‚Ä¶"
Fri Mar 26 06:39:29 +0000 2021,RT @SpaceXMR: Raptors after every static fire be like: #SpaceX https://t.co/sardjMiMe5 https://t.co/oqIQ4gEohh
Fri Mar 26 06:39:30 +0000 2021,RT @MorePerfectUS: BREAKING: Elon Musk illegally fired a pro-union Tesla worker &amp; threatened to strip employees of benefits if they formed‚Ä¶
Fri Mar 26 06:39:31 +0000 2021,"@finance_equity @elonmusk @binance @AltcoinDailyio @cz_binance Why the Medium article 1:1 copy of @dao_duck https://t.co/a26xC506L5

$FDD"
Fri Mar 26 06:39:31 +0000 2021,Earn a share of 7 million $REAP cryptocurrency in the Reapit airdrop on @latokens. Complete quick and easy social tasks to win https://t.co/U5xcb45XDK #LATOKEN #LatokenApp #Tesla #Bitcoin
Fri Mar 26 06:39:31 +0000 2021,"RT @cryptoneo17: #giveaway 50$ or 1000 #DogeCoins 

RT and Follow @Amadogecom 

#dogearmy sells first Tesla for #dogecoin via @Amadogecom a‚Ä¶"
Fri Mar 26 06:39:32 +0000 2021,RT @Frankie_Sutera: Whip the Tesla https://t.co/MAYtgQlIAX
Fri Mar 26 06:39:32 +0000 2021,"RT @Chelsea_Fagan: The only thing that would make this Suez Canal ship story better is if Elon Musk inserted himself into the situation, lo‚Ä¶"
Fri Mar 26 06:39:33 +0000 2021,RT @GraffitiKINGS: @elonmusk üí®üí•üí•üí•üí•üí•üí•üöÄ https://t.co/P2mXMPtfFC
Fri Mar 26 06:39:33 +0000 2021,@elonmusk @GeorgeTakei
Fri Mar 26 06:39:33 +0000 2021,"#CryptoNews of the day:
üî•Elon Musk declares Tesla can now be bought with #Bitcoin
üî•Crypto exchange @latokens launches airdrop with 7 million $REAP tokens in rewards
Earn now: https://t.co/92eWlrBIc1 #LATOKEN #LatokenApp"
Fri Mar 26 06:39:34 +0000 2021,RT @WriteroftheStor: Daily Plea to @elonmusk  - Please make SpaceX public. investors and enthusiasts from around the globe are awaiting the‚Ä¶
Fri Mar 26 06:39:34 +0000 2021,RT @itsALLrisky: Elon has our back #Dogecoin
Fri Mar 26 06:39:38 +0000 2021,RT @SawyerMerritt: Elon also said there was a chance that Tesla could produce and deliver 1 Million cars this year. He also said Giga Shang‚Ä¶
Fri Mar 26 06:39:38 +0000 2021,RT @clement_lepine: Congratulations SpaceX https://t.co/G3f3GJexqr
Fri Mar 26 06:39:38 +0000 2021,"@dulponi @faradilaZS @sosokbosok @mohammadkafabih @Namex_6X @cumi02759776 @AKunnaifi @robicahsan @bobiboobs @masszaenal @_raylaksmi @punyancet @AlifKhoiruddin @senoprasetyanto @durung_sarapan @nidhomulhuda @elonmusk @NCTsmtown @isyanasarasvati @DUALIPA @MarnoMbois @alinfiaamali_ @DaviqRizal Oalah... Ngomonggg to sok,"
Fri Mar 26 06:39:38 +0000 2021,RT @bzdarling: Me at Tesla showroom with $1375 and an eighth https://t.co/ctaZQYRxzl
Fri Mar 26 06:39:39 +0000 2021,@refinableapp Would love to see @elonmusk nfts here too :)
Fri Mar 26 06:39:39 +0000 2021,"RT @Erdayastronaut: Documenting history in 12K üòç yes, that‚Äôs 80 megapixel images, 30 times a second... might be the last chance to see #SN1‚Ä¶"
Fri Mar 26 06:39:39 +0000 2021,@Satsuyadan OMG ELON MOSQ
Fri Mar 26 06:39:39 +0000 2021,"2021 Tesla Model 3 Standard Range Plus Gets Top EPA Efficiency Rating

üöóüîã‚ö°Ô∏èü§ñü§©üëèüèª

The range is also one of the best - 263 miles (423 km)

#EV #RoboCars
#MostImportantCarEver https://t.co/oxtcFCF4Fy"
Fri Mar 26 06:39:40 +0000 2021,RT @joplin711: I can‚Äôt get enough of this boys musk.  I love when he calls me his slut üòàüòà#GayTaboo #onlyFans #pigplay #balls #boys #dominat‚Ä¶
Fri Mar 26 06:39:40 +0000 2021,RT @utamadush: @elonmusk @mcuban I challenge you both to each match the donation that @sterlingshelter received from @FinanceGrumpy. Thank‚Ä¶
Fri Mar 26 06:39:40 +0000 2021,RT @AkeemSharyzal: Tula lain kali tesla dulu
Fri Mar 26 06:39:41 +0000 2021,RT @howitzerein: #NewProfilePic i'm Elon musk from the band sole republic https://t.co/04v1yNYXXN
Fri Mar 26 06:39:41 +0000 2021,"RT @WorldAndScience: Another gorgeous shot of a SpaceX launch

(Credit: Official SpaceX Photos) https://t.co/LH6yPCkHLy"
Fri Mar 26 06:39:41 +0000 2021,"RT @DogeCoin_Boom: Morning #DogecoinArmy
Today all-time-high üìà $DOGE
#DogecoinToTheMoon üåù #ElonMusk üöÄ"
Fri Mar 26 06:39:41 +0000 2021,@Kristennetten @Tesla @elonmusk I subscribe to: ‚Äúabsolutely stunning‚Äù part!ü§©üòç
Fri Mar 26 06:39:42 +0000 2021,Earn a share of 7 million $REAP cryptocurrency in the Reapit airdrop on @latokens. Complete quick and easy social tasks to win https://t.co/rFJmHy2XlT #LATOKEN #LatokenApp #Tesla #Bitcoin
Fri Mar 26 06:39:42 +0000 2021,@elonmusk https://t.co/rXZ5WcFGTb new interesting nft game
Fri Mar 26 06:39:42 +0000 2021,"RT @bobbyclee: My #CyberTruck giveaway... It's happening!
#Bitcoin has exceeded the $39,900 price of a @TESLA CyberTruck! To celebrate this‚Ä¶"
Fri Mar 26 06:39:43 +0000 2021,"RT @AlbertoEMachado: ""We‚Äôre going to try to catch the Super Heavy booster with the launch tower arm, using the grid fins to take the load.‚Äù‚Ä¶"
Fri Mar 26 06:39:44 +0000 2021,"RT @SpaceX: Falcon 9 launch of 60 Starlink satellites is targeted for tomorrow, March 24 at 4:28 a.m. EDT from SLC-40 in Florida ‚Üí https://‚Ä¶"
Fri Mar 26 06:39:45 +0000 2021,RT @Gfilche: Roadtripping in my Tesla has convinced me. FSD gonna change everything. Tesla to $10T #hodling @elonmusk
Fri Mar 26 06:39:45 +0000 2021,RT @CorinnaKopf: if @elonmusk follows me i‚Äôll buy 1 bitcoin
Fri Mar 26 06:39:45 +0000 2021,"@nucknyan @IndSocialist @LilBanditTheCat @EmmettCetera @SatelliteSOS @Slimongi @vampyreparty @brianstelter You are aware that a Tesla employee salary is around $200,000 not including that tripled in stock and bonuses? Likewise, he owns companies in AI, infrastructure, aerospace, transportation, energy, automotive, telecommunication, and more. He also created PayPal, what have you done"
Fri Mar 26 06:39:45 +0000 2021,"#CryptoNews of the day:
üî•Elon Musk declares Tesla can now be bought with #Bitcoin
üî•Crypto exchange @latokens launches airdrop with 7 million $REAP tokens in rewards
Earn now: https://t.co/mbmruDJTwJ #LATOKEN #LatokenApp"
Fri Mar 26 06:39:45 +0000 2021,Waiting for Elon to tweet about how he‚Äôs going to solve the Suez bottleneck. Any guesses?
Fri Mar 26 06:39:45 +0000 2021,"@_rthiago_ @elonmusk he doesn't need it, his family is privileged. 

its called gold cradle"
Fri Mar 26 06:39:46 +0000 2021,@beeple @elonmusk https://t.co/NT9d6NBsOg
Fri Mar 26 06:39:46 +0000 2021,naming my tesla erys because of @jaden
Fri Mar 26 06:39:47 +0000 2021,"RT @PPathole: In 2008, @elonmusk had to borrow money from friends for paying his rent. He basically invested all the money he had from PayP‚Ä¶"
Fri Mar 26 06:39:47 +0000 2021,"RT @PPathole: In 2008, @elonmusk had to borrow money from friends for paying his rent. He basically invested all the money he had from PayP‚Ä¶"
Fri Mar 26 06:39:47 +0000 2021,RT @clement_lepine: Tesla Model 3 https://t.co/OcWKDgnCZ8
Fri Mar 26 06:39:47 +0000 2021,RT @Pika_Doge: @FluturIsabela @DanO37088867 @elonmusk @Steven_McKie Should we? @itstimwhite @dogecoin_empire we can always just do an conte‚Ä¶
Fri Mar 26 06:39:47 +0000 2021,Earn a share of 7 million $REAP cryptocurrency in the Reapit airdrop on @latokens. Complete quick and easy social tasks to win https://t.co/S0AcMJPBde #LATOKEN #LatokenApp #Tesla #Bitcoin
Fri Mar 26 06:39:48 +0000 2021,"@flowerfaeby It‚Äôs actually part of a SpaceX Rocket falling from orbit! Parts of it landed in Vancouver, Wa early tonight. Crazy stuff"
Fri Mar 26 06:39:48 +0000 2021,"RT @CityNewsVAN: A lot of people in the Vancouver and Seattle areas witnessed a Space X failure, as light streaked across the night sky Thu‚Ä¶"
Fri Mar 26 06:39:48 +0000 2021,"@VoiceOfSoftware @teslaownersSV @elonmusk It's none of those except Super Late, Roadster hasn't even left the designers desk and was suppose to of been released in 2020. But as usual Techno King just makes grandiose promises."
Fri Mar 26 06:39:49 +0000 2021,"@Erdayastronaut @considercosmos @SpacePadreIsle @andrutay @bstineman @SpaceX @yousuckMZ @yousuck2020 Dang, the studio looks amazing. And I'm sure the equipment is even better than the studio looks (if it makes any sense). I can't wait to watch your streams from MARS!"
Fri Mar 26 06:39:49 +0000 2021,"RT @BronzeHammer: I'll keep this in mind if it ever comes out that your car software kills people, you inflated your company's stock by twe‚Ä¶"
Fri Mar 26 06:39:49 +0000 2021,ü§ó feeling blessed üå∏
Fri Mar 26 06:39:50 +0000 2021,Praises
Fri Mar 26 06:39:50 +0000 2021,RT @NatGeoPhotos: #YourShotPhotographer Joe Marino made this long exposure of a SpaceX Falcon 9 booster launching the SpaceX CRS-15 Dragon‚Ä¶
Fri Mar 26 06:39:50 +0000 2021,@TheBlakeCheck @Tesla And to the owners of AMGs and Schnitzer steroid cars: you spent all that money and got a slow car?
Fri Mar 26 06:39:50 +0000 2021,RT @trevken: The number of people who caught Elon Musks failed Falcon 9 second stage rocket reentering the atmosphere and mistook it for a‚Ä¶
Fri Mar 26 06:39:51 +0000 2021,Pensez-vous que ce soit une bonne id√©e qu'on puisse acheter une Tesla avec du Bitcoin ?
Fri Mar 26 06:39:51 +0000 2021,When you capture something amazing ü§©üò≥üò≤
Fri Mar 26 06:39:51 +0000 2021,"RT @Lionsfutball1: Where did the player come from? üòÆüôÑ

Rihanna | Tom and Jerry | Elon | Airtime | Lautech | #BugsBunnychallenge | #alake |‚Ä¶"
Fri Mar 26 06:39:51 +0000 2021,@elonmusk @KimDotcom Wtf do you need to have your purchase of a DrPepper recorded on the blockchain??
Fri Mar 26 06:39:51 +0000 2021,RT @Pika_Doge: @FluturIsabela @DanO37088867 @elonmusk @Steven_McKie Should we? @itstimwhite @dogecoin_empire we can always just do an conte‚Ä¶
Fri Mar 26 06:39:52 +0000 2021,#ElonMusk #Tesla https://t.co/sOgV1AuRGp
Fri Mar 26 06:39:52 +0000 2021,"RT @kushtoby: What happens when you combine the riches of Elon Musk and Bill Gates?

The money ElonGates. https://t.co/xtsoBCZ9V6"
Fri Mar 26 06:39:52 +0000 2021,"RT @homepaintersng: Nigerians too dey play rubbish play üòÇ.

#BugsBunnychallenge Elon #Tinubu

https://t.co/x3XXs9nbXn"
Fri Mar 26 06:39:53 +0000 2021,"Fyi..
Bill gates, Elon musk, Jack ma, Mark zuckerberg dan orang2 sukses lain nya tidak pernah berdebat soal martabak manis dan terang bulan.."
Fri Mar 26 06:39:54 +0000 2021,RT @bzdarling: Me at Tesla showroom with $1375 and an eighth https://t.co/ctaZQYRxzl
Fri Mar 26 06:39:54 +0000 2021,@PPathole @elonmusk @Tesla @SpaceX This story has been told 1 million times on Twitter.  It‚Äôs baffling to me it still surprises people.
Fri Mar 26 06:39:54 +0000 2021,"RT @HTHRFLWRS: DUE TO A DESIGN FAULT EVERY APPLE IIE KEYBOARD SHIPPED WITH THE BUTTON FROM THE 2009 PSYCHOLOGICAL THRILLER ""THE BOX"" WHERE‚Ä¶"
Fri Mar 26 06:39:54 +0000 2021,"@petteri_bergius @wilcanfly @emissaryofwind @elonmusk You know what uses less energy than an EV on the road?  An EV that wasn't even needed to be produced because public transit took care of the majority of one's commute.  I understand we won't be able to remove all personal vehicles, however we can reduce the need for the majority."
Fri Mar 26 06:39:55 +0000 2021,RT @elonmusk: Mars rover looking back https://t.co/oaFOCezRuU
Fri Mar 26 06:39:55 +0000 2021,RT @elonmusk: You can now buy a Tesla with Bitcoin
Fri Mar 26 06:39:55 +0000 2021,@lexfridman @APompliano @elonmusk Good morning everyone except people that don't sleep...lol
Fri Mar 26 06:39:55 +0000 2021,"RT @PPathole: In 2008, @elonmusk had to borrow money from friends for paying his rent. He basically invested all the money he had from PayP‚Ä¶"
Fri Mar 26 06:39:56 +0000 2021,"RT @PrtkYdv: I think @SpaceX and @elonmusk can make this happen

https://t.co/mB3lPAJ9YY https://t.co/3KWy8R9WII"
Fri Mar 26 06:39:56 +0000 2021,RT @FinanceLancelot: Elon Musk is aggressively going after the Tesla Self-Driving Scam video uploaded today and attempting to take it down‚Ä¶
Fri Mar 26 06:39:56 +0000 2021,"@elonmusk Hie @elonmusk @Tesla Will there be some royalties if I buy a Tesla using #BTC ? I mean, if BTC increases in value, can I use a percentage of that increase for a service or upgrades upon availability. I mean its a win win as pple may not wanna let go of their #BTC .
#Tesla #elon"
Fri Mar 26 06:39:56 +0000 2021,"RT @HeinzVHoenen: #Mars #SpaceX

How the human body could evolve if we settle in Mars
Predictions based on #scientific knowledge üßê

ty, mt‚Ä¶"
Fri Mar 26 06:39:57 +0000 2021,RT @bzdarling: Me at Tesla showroom with $1375 and an eighth https://t.co/ctaZQYRxzl
Fri Mar 26 06:39:58 +0000 2021,@HayekAndKeynes Only good thing about a Tesla car is the name. Get a grip folks!
Fri Mar 26 06:39:59 +0000 2021,RT @tonymat58: @MartinSLewis @thismorning It doesn‚Äôt help when you see Elon Musk advertising that you can buy a Tesla car using Bitcoin. He‚Ä¶
Fri Mar 26 06:39:59 +0000 2021,RT @GreenEconomyNow: @sarahcox_bc Elon Musk‚Äôs space debris apparently.
Fri Mar 26 06:40:00 +0000 2021,@elonmusk what‚Äôs the tea?
Fri Mar 26 06:40:00 +0000 2021,"RT @PPathole: In 2008, @elonmusk had to borrow money from friends for paying his rent. He basically invested all the money he had from PayP‚Ä¶"
Fri Mar 26 06:40:00 +0000 2021,"Europe is starting to freak out about the launch dominance of SpaceX https://t.co/84RXNrLr2m
#Europe #SpaceX
üöÄüöÄüöÄüöÄüöÄüí∂üìçüìçüì≤üì≤üì≤üèÜ https://t.co/y3D0W3kgbe https://t.co/sSBYTAKWA2"
Fri Mar 26 06:40:01 +0000 2021,"Who has become the World's Biggest Wealth Gainer as per the Bloomberg Billionaires Index?

A. Gautam Adani
B. Elon Musk
C. Mukesh Ambani
D. Jeff Bezos

Reply Answer üìù

Please ‚ù§Ô∏è &amp; Retweet üîÉ

#currentaffairs #mcq #gk #generalawareness #bestcurrentaffairs"
Fri Mar 26 06:40:01 +0000 2021,"Voici comment fonctionne le nouveau s√©lecteur de lecteur √† √©cran tactile de Tesla 

#Tesla retire la manette du s√©lecteur de vitesse du volant, pour d‚Äôautomatiser le passage entre le stationnement, la marche arri√®re, le point mort et la conduite.
@verge
https://t.co/aTz7gu3TXp"
Fri Mar 26 06:40:01 +0000 2021,"In 2020, #Tesla shares increased by 700%. It may leave you thinking about investing in the firm yourself, but is it still a ‚Äògood‚Äô investment? #Invest #FinancialPlanning #InvestmentStrategy https://t.co/FRzflzpRws"
Fri Mar 26 06:40:02 +0000 2021,"RT @Tesla: 6,000+ Superchargers across Europe ‚Äî at 600 locations and counting!

üì∏ by @EPavlic, @MinimalDuck &amp; @_better_e https://t.co/Yf36H‚Ä¶"
Fri Mar 26 06:40:02 +0000 2021,RT @KatieDaviscourt: Incredible footage of @elonmusk‚Äôs Falcon 9 reentering Earth‚Äôs atmosphere  after 22 days in orbit. Its reentry was seen‚Ä¶
Fri Mar 26 06:40:02 +0000 2021,RT @clement_lepine: Elon Musk Child https://t.co/BoVGUlIfNB
Fri Mar 26 06:40:03 +0000 2021,"RT @artistsof_earth: @elonmusk we sent you &amp; @gendai_art_caf @yousuck2020 &amp; the family of @Astro_Doug &amp; @AstroKarenN one print each of ""Eye‚Ä¶"
Fri Mar 26 06:40:03 +0000 2021,The NLRB is going to make elon delete this tweet. Why? Cause it shows that unions are not necessary in every situation
Fri Mar 26 06:40:03 +0000 2021,"RT @aerospatial: Ex-ISRO Chairman Madhavan Nair praises @elonmusk's business model, says #India needs reusable #rocket tech. https://t.co/1‚Ä¶"
Fri Mar 26 06:40:05 +0000 2021,RT @ByMikeBaker: Some incredible footage of the (apparent) SpaceX debris hurtling over the Pacific Northwest tonight
Fri Mar 26 06:40:05 +0000 2021,"RT @mn_lastborn: J Cole - Some niggas make millions, other niggas make memes...

Elon Musk - making billions and memes.

J Cole - https://t‚Ä¶"
Fri Mar 26 06:40:05 +0000 2021,RT @ByMikeBaker: Some incredible footage of the (apparent) SpaceX debris hurtling over the Pacific Northwest tonight
Fri Mar 26 06:40:06 +0000 2021,RT @clement_lepine: elon musk the richest person in the world @elonmusk https://t.co/QUDYj9hJ2E
Fri Mar 26 06:40:06 +0000 2021,"It's always good to see Indian entrepreneurs take on the world. Ola's @bhash did it once with ride-hailing, and is now set to repeat it in e-scooters with the world's biggest factory. In this chat with us, he outlines his plan for Ola Electric."
Fri Mar 26 06:40:06 +0000 2021,"RT @MazAmadzai: @QTRResearch Enjoy while it lasts $TSLA $TSLAQ 

https://t.co/RbbH9VpJYj"
Fri Mar 26 06:40:06 +0000 2021,RT @elonmusk: Mars rover looking back https://t.co/oaFOCezRuU
Fri Mar 26 06:40:07 +0000 2021,Elon Musk liked a tweet from K SN11‚ú® #Tesla $TSLA https://t.co/BA48DBPrOx
Fri Mar 26 06:40:07 +0000 2021,RT @nypost: Mysterious light show over Seattle was likely debris from SpaceX rocket https://t.co/09LyZCxYQv https://t.co/OLNcur56cT
Fri Mar 26 06:40:08 +0000 2021,"@WholeMarsBlog Imagine every non Tesla branded EV owner need to buy Tesla adaptor and use Tesla app, also get a Tesla referral code lol. Elon literally turns every non Tesla ev owner into a Tesla salesperson/future owner lol. Also more revenue from supercharging network! Epic win!"
Fri Mar 26 06:40:08 +0000 2021,"RT @BLaw: Elon Musk‚Äôs anti-union tweet was illegal, National Labor Relations Board ruled. https://t.co/OSCPuS1G3y"
Fri Mar 26 06:40:08 +0000 2021,"@DrunkSt3pdad @maddow @CountryB1994 Ah yes the ""meteors"". I heard that it was god emperor Musk having technical difficulties. That was an expensive fireworks display. The Starship blowups were great too. I just don't know how all of this will get us into space. But what do I know? I'm not a sociopathic billionaire."
Fri Mar 26 06:40:09 +0000 2021,"RT @maxkeiser: A Tesla is the new pizza 

10 years from now people will be amazed that someone spent a whole #Bitcoin for a Tesla"
Fri Mar 26 06:40:09 +0000 2021,RT @clement_lepine: @elonmusk Creality Under 3 https://t.co/Hd2shtY4rS
Fri Mar 26 06:40:10 +0000 2021,"RT @Tesla: 6,000+ Superchargers across Europe ‚Äî at 600 locations and counting!

üì∏ by @EPavlic, @MinimalDuck &amp; @_better_e https://t.co/Yf36H‚Ä¶"
Fri Mar 26 06:40:10 +0000 2021,"Atmospheric re-entry of a 4300kg SpaceX FALCON 9 rocket body (2021-017BN) as observed from Portland, Oregon last night (PDT). https://t.co/pQ6Bk9jliW"
Fri Mar 26 06:40:10 +0000 2021,"@elonmusk Duly noted, sir

(writing that down on a piece of paper)"
Fri Mar 26 06:40:11 +0000 2021,"Moody's —É–ª—É—á—à–∏–ª–æ —Ä–µ–π—Ç–∏–Ω–≥ Tesla –¥–æ ""–í–∞3"" —Å ""–í2"", –ø—Ä–æ–≥–Ω–æ–∑ –ø–æ–∑–∏—Ç–∏–≤–Ω—ã–π

  https://t.co/I4qAD6y6Wh https://t.co/yNOkCzmH3n"
Fri Mar 26 06:40:11 +0000 2021,"RT @InfraredArmy: ""If there's ever a scandal about me...""
--Elon Musk, March 25, 2021 https://t.co/wc6Zt9K5ya"
Fri Mar 26 06:40:11 +0000 2021,"RT @PPathole: In 2008, @elonmusk had to borrow money from friends for paying his rent. He basically invested all the money he had from PayP‚Ä¶"
Fri Mar 26 06:40:11 +0000 2021,"RT @BW: $4,230 electric vehicles are tapping into a new type of customer in China that Tesla can‚Äôt reach https://t.co/XTxyRwqxxn"
Fri Mar 26 06:40:13 +0000 2021,@bobbyclee @Tesla @elonmusk @RemindMe_OfThis in 8 months
Fri Mar 26 06:40:13 +0000 2021,RT @bzdarling: Me at Tesla showroom with $1375 and an eighth https://t.co/ctaZQYRxzl
Fri Mar 26 06:40:13 +0000 2021,"RT @LH7100: @elonmusk Hie @elonmusk @Tesla Will there be some royalties if I buy a Tesla using #BTC ? I mean, if BTC increases in value, ca‚Ä¶"
Fri Mar 26 06:40:13 +0000 2021,"@dladowitz Gotcha, boss! I've set your reminder for Friday, 26 November 2021 at 12:00 GMT+0000.

https://t.co/glunLmJQ32"
Fri Mar 26 06:40:13 +0000 2021,"RT @TheOnion: Elon Musk, Texas: Apartheid. https://t.co/xzOglJuRyV https://t.co/SSlqHlD3sM"
Fri Mar 26 06:40:15 +0000 2021,"@proceso Para que mierdas va promover un golpe por el litio si pod√≠a comprarlo regalado sobornando a la caterva de delincuentes que estaban y siguen gobernando, se aplaz√≥ como mafioso Elon."
Fri Mar 26 06:40:15 +0000 2021,"RT @PPathole: In 2008, @elonmusk had to borrow money from friends for paying his rent. He basically invested all the money he had from PayP‚Ä¶"
Fri Mar 26 06:40:15 +0000 2021,"#„Éì„ÉÉ„Éà„Ç≥„Ç§„É≥ „Åß #„ÉÜ„Çπ„É© „ÇíË≤∑„ÅÜ„ÅÆ„ÅØ„Åæ„Å†Á∞°Âçò„Åß„ÅØ„Å™„ÅÑ„ÄÇ

ÁêÜÁî±„ÅÆ‰∏Ä„Å§„Å´„ÄÅ
Ê±∫Ê∏àÊôÇÈñì„Å´30ÂàÜ„ÇÇ„Åã„Åã„Å£„Å¶„Åó„Åæ„ÅÑ„ÄÅ30ÂàÜ„ÇÇ„ÅÇ„Çå„Å∞‰æ°Ê†º„ÇÇÂ§â„Çè„Å£„Å¶„Åó„Åæ„ÅÜ‰∫ã„ÅåÂïèÈ°åË¶ñ„Åï„Çå„Å¶„ÅÑ„Çã„ÄÇ

https://t.co/4Hs4psx7l7"
Fri Mar 26 06:40:15 +0000 2021,"RT @NasSpaceflight: @magmalaya Kalau sudi bacalah thread ni jugak
https://t.co/llPoAlVztL"
Fri Mar 26 06:40:16 +0000 2021,"RT @GunnelsWarren: Billionaire families would pay $1 trillion more in taxes under Bernie's new estate tax bill including:

‚¨ÜÔ∏è$85.8 billion:‚Ä¶"
Fri Mar 26 06:40:16 +0000 2021,RT @blockfolio: Elon Musk is now buying bitcoin with Tesla cars.
Fri Mar 26 06:40:16 +0000 2021,"@Apex_KJ @Kristennetten ü§Ø!!! 

You are a consumer of the company (@Tesla) that you, @elonmusk, me and some others, we own!!! 

Congrats!!!"
Fri Mar 26 06:40:16 +0000 2021,@Erdayastronaut @considercosmos @SpacePadreIsle @andrutay @bstineman @SpaceX @yousuckMZ @yousuck2020 Thank you so much Tim ready to watch in the UK
Fri Mar 26 06:40:17 +0000 2021,Tesla. https://t.co/IGfBeFhDuG
Fri Mar 26 06:40:17 +0000 2021,RT @ByMikeBaker: Some incredible footage of the (apparent) SpaceX debris hurtling over the Pacific Northwest tonight
Fri Mar 26 06:40:17 +0000 2021,"RT @elonmusk: Tesla is using only internal &amp; open source software &amp; operates Bitcoin nodes directly.

Bitcoin paid to Tesla will be retaine‚Ä¶"
Fri Mar 26 06:40:17 +0000 2021,"@Tesla @elonmusk @EPavlic @MinimalDuck @_better_e And not a single one in, or around Barcelona."
Fri Mar 26 06:40:18 +0000 2021,@lykanprince @ShutterWolf That was some pieces of SpaceX falling into the PNW.
Fri Mar 26 06:40:19 +0000 2021,@iam3ddie So we must forget about a Tesla here
Fri Mar 26 06:40:19 +0000 2021,RT @JoTrader4: $PLTR I think this speaks to several stocks right now but people like Musk and Karp are on different levels. $TSLA https://t‚Ä¶
Fri Mar 26 06:40:20 +0000 2021,@SouthSurviving @RustyBalls6 @PPathole @elonmusk @Tesla @SpaceX this https://t.co/lZrcXYXB4g
Fri Mar 26 06:40:20 +0000 2021,"RT @CryptoSupreme18: #Tesla will never accept #Ethereum because it requires gas.

ü§£ü§£ü§£ü§£ü§£"
Fri Mar 26 06:40:21 +0000 2021,"RT @Marvy___: Her joy knew no bounds

Ebuka #BBNaija #Henrygives Tinubu lakers #BugsBunnychallenge #lautech Elon violence Nengi and payport‚Ä¶"
Fri Mar 26 06:40:21 +0000 2021,RT @bzdarling: Me at Tesla showroom with $1375 and an eighth https://t.co/ctaZQYRxzl
Fri Mar 26 06:40:22 +0000 2021,"RT @PPathole: In 2008, @elonmusk had to borrow money from friends for paying his rent. He basically invested all the money he had from PayP‚Ä¶"
Fri Mar 26 06:40:22 +0000 2021,"RT @28delayslater: Elon giving owners the FSDBeta button 

 https://t.co/rtkwq3E1oZ"
Fri Mar 26 06:40:22 +0000 2021,"RT @mn_lastborn: J Cole - Some niggas make millions, other niggas make memes...

Elon Musk - making billions and memes.

J Cole - https://t‚Ä¶"
Fri Mar 26 06:40:22 +0000 2021,üëÄ
Fri Mar 26 06:40:23 +0000 2021,"RT @NasSpaceflight: Tahukah anda?

Satelit pertama yang berjaya dilancarkan oleh @SpaceX ke orbit ialah satelit dari Malaysia üá≤üáæ 

Ya betul‚Ä¶"
Fri Mar 26 06:40:24 +0000 2021,@tesla_raj @travjax71 @Tesla Agreed!
Fri Mar 26 06:40:24 +0000 2021,RT @teslaownersSV: 9th launch and landing of the same rocket. It never gets old watching. @elonmusk https://t.co/gujEiWzZGG
Fri Mar 26 06:40:24 +0000 2021,@LootexIO @BinanceChain @dogecoin @elonmusk @IvanOnTech @earnwithrk @EarnWithSapna @TechHelpInHind2 @sumitkapoor16 @pushpendrakum @open4profit @ThinkingCrypto1 @CryptoHindiO
Fri Mar 26 06:40:25 +0000 2021,RT @trevken: The number of people who caught Elon Musks failed Falcon 9 second stage rocket reentering the atmosphere and mistook it for a‚Ä¶
Fri Mar 26 06:40:25 +0000 2021,https://t.co/XPrLUqX00D
Fri Mar 26 06:40:25 +0000 2021,RT @bzdarling: Me at Tesla showroom with $1375 and an eighth https://t.co/ctaZQYRxzl
Fri Mar 26 06:40:26 +0000 2021,"RT @TeslaStars: 2021 Tesla Model 3 Standard Range Plus Gets Top EPA Efficiency Rating

üöóüîã‚ö°Ô∏èü§ñü§©üëèüèª

The range is also one of the best - 263 mi‚Ä¶"
Fri Mar 26 06:40:26 +0000 2021,Sua mercearia aceita ouro?
Fri Mar 26 06:40:26 +0000 2021,@mohkenp @NWSSeattle Made by Elon ü§£
Fri Mar 26 06:40:26 +0000 2021,"#CryptoNews of the day:
üî•Elon Musk declares Tesla can now be bought with #Bitcoin
üî•Crypto exchange @latokens launches airdrop with 7 million $REAP tokens in rewards
Earn now: https://t.co/zxtbl4GyTl #LATOKEN #LatokenApp"
Fri Mar 26 06:40:26 +0000 2021,@Inzilya777 @elonmusk @universal_sci Maybe we are inside some one‚Äôs intestines too ü§Ø
Fri Mar 26 06:40:27 +0000 2021,"RT @PPathole: In 2008, @elonmusk had to borrow money from friends for paying his rent. He basically invested all the money he had from PayP‚Ä¶"
Fri Mar 26 06:40:27 +0000 2021,"Hey @elonmusk Take me with you on mars , people here on earth is too toxic....üôÇ

CBI File 302 In SSR Case"
Fri Mar 26 06:40:27 +0000 2021,RT @bzdarling: Me at Tesla showroom with $1375 and an eighth https://t.co/ctaZQYRxzl
Fri Mar 26 06:40:28 +0000 2021,"RT @BLaw: Elon Musk‚Äôs anti-union tweet was illegal, National Labor Relations Board ruled. https://t.co/OSCPuS1G3y"
Fri Mar 26 06:40:28 +0000 2021,RT @bzdarling: Me at Tesla showroom with $1375 and an eighth https://t.co/ctaZQYRxzl
Fri Mar 26 06:40:29 +0000 2021,RT @bzdarling: Me at Tesla showroom with $1375 and an eighth https://t.co/ctaZQYRxzl
Fri Mar 26 06:40:29 +0000 2021,"RT @Erdayastronaut: Documenting history in 12K üòç yes, that‚Äôs 80 megapixel images, 30 times a second... might be the last chance to see #SN1‚Ä¶"
Fri Mar 26 06:40:30 +0000 2021,So funny. Indeed she will never forget this testimony in her life.
Fri Mar 26 06:40:30 +0000 2021,"RT @JavierHerzandez: @magmalaya This fact is remain unknown by a lot of Malaysian! The first SpaceX rocket was actually launched in Besut,‚Ä¶"
Fri Mar 26 06:40:31 +0000 2021,Penso che @elonmusk porter√† il mondo a cambiamenti epocali. Me lo sento.. preparatevi üî•
Fri Mar 26 06:40:33 +0000 2021,RT @magmalaya: Yo. Bendera Malaysia. Why? How? What happened?
Fri Mar 26 06:40:33 +0000 2021,"@Jernau_mGurgeh @MarcusHouse @elonmusk @answerswithjoe @austinbarnard45 @Erdayastronaut @BocaChicaGal Super well-done concept! Only immediate issue I can see is deployment and retraction, looks like RVacs are in the way üòÖ"
Fri Mar 26 06:40:35 +0000 2021,"RT @Marvy___: Her joy knew no bounds

Ebuka #BBNaija #Henrygives Tinubu lakers #BugsBunnychallenge #lautech Elon violence Nengi and payport‚Ä¶"
Fri Mar 26 06:40:35 +0000 2021,RT @magmalaya: Yo. Bendera Malaysia. Why? How? What happened?
Fri Mar 26 06:40:35 +0000 2021,Earn a share of 7 million $REAP cryptocurrency in the Reapit airdrop on @latokens. Complete quick and easy social tasks to win https://t.co/oHERI3TKXZ #LATOKEN #LatokenApp #Tesla #Bitcoin
Fri Mar 26 06:40:35 +0000 2021,"RT @oo_labs: @currencyat @newsycombinator Blast it off- it‚Äôs already cost $9bn 
a few thousand neatly placed underwater fireworks should do‚Ä¶"
Fri Mar 26 06:40:36 +0000 2021,RT @elonmusk: You can now buy a Tesla with Bitcoin
Fri Mar 26 06:40:37 +0000 2021,@clstokes Just Elon Musk burning some benjamins.
Fri Mar 26 06:40:38 +0000 2021,RT @takeiteasyjack: rip nikola tesla he would‚Äôve hated elon musk
Fri Mar 26 06:40:38 +0000 2021,@elonmusk no do pass this one
Fri Mar 26 06:40:39 +0000 2021,"An√≠mate, cabr√≥n!"
Fri Mar 26 06:40:39 +0000 2021,i see why elon musk and ye are friends.
Fri Mar 26 06:40:40 +0000 2021,Elon's #meteor reminded me of Columbia. üòî
Fri Mar 26 06:40:41 +0000 2021,"RT @AustinTeslaClub: Hope you‚Äôre having a fabulous afternoon, whatever you‚Äôre doing, and wherever you are.
The drone just landed five minut‚Ä¶"
Fri Mar 26 06:40:41 +0000 2021,RT @clement_lepine: @elonmusk https://t.co/50QQ50ctfn
Fri Mar 26 06:40:41 +0000 2021,we're literally living in a movie.
Fri Mar 26 06:40:43 +0000 2021,@Fab2Mlj @JonathanSottas @saintesavine10 √áa ressemble au projet Starlink d‚ÄôElon Musk.
Fri Mar 26 06:40:44 +0000 2021,Earn a share of 7 million $REAP cryptocurrency in the Reapit airdrop on @latokens. Complete quick and easy social tasks to win https://t.co/PLlZBX4PXe #LATOKEN #LatokenApp #Tesla #Bitcoin
Fri Mar 26 06:40:45 +0000 2021,RT @teslaownersSV: The roadster is going to revolutionize the definition of super car. @elonmusk https://t.co/5BDEuMZAQI
Fri Mar 26 06:40:45 +0000 2021,"RT @artistsof_earth: @elonmusk we sent you &amp; @gendai_art_caf @yousuck2020 &amp; the family of @Astro_Doug &amp; @AstroKarenN one print each of ""Eye‚Ä¶"
Fri Mar 26 06:40:45 +0000 2021,"""rich apartheid gem mining family"" üôÑ. The dude worked his ass off. Accept it. Thank you @PPathole"
Fri Mar 26 06:40:45 +0000 2021,@elonmusk Keep on Cracking Elon! Soon CaF2 Fluorite https://t.co/GbrPYEKez6
Fri Mar 26 06:40:46 +0000 2021,"RT @AMaffeiWX: FYI: If you are in the Pacific Northwest (Washington, Oregon, and California) and saw something reentering the atmosphere...‚Ä¶"
Fri Mar 26 06:40:47 +0000 2021,"RT @Marvy___: Her joy knew no bounds

Ebuka #BBNaija #Henrygives Tinubu lakers #BugsBunnychallenge #lautech Elon violence Nengi and payport‚Ä¶"
Fri Mar 26 06:40:47 +0000 2021,"@elonmusk $TSLA #stock now paired with #Bitcoin$BTC 

...on the @Mettalex $MTLX #Exchange 

Powered by @Fetch_ai $FET

@HMsheikh4 owner of #Fetch_ai #FET &amp; @elonmusk owner of @Tesla #TSLA #Tesla

 @Bitcoin #Mettalex #MTLX https://t.co/eLU3xUuvNz"
Fri Mar 26 06:40:47 +0000 2021,RT @magmalaya: Yo. Bendera Malaysia. Why? How? What happened?
Fri Mar 26 06:40:47 +0000 2021,@MrBeast @Jack_Septic_Eye Commenting in @MrBeast's Twitter Post until he buys me a Tesla Model 3 Performance: Post Nr. 489
Fri Mar 26 06:40:47 +0000 2021,@elonmusk Starship Rocket prepares for launch testing coming up ahead in boca chica lfacility Texas https://t.co/AQevrMZDZs
Fri Mar 26 06:40:48 +0000 2021,"RT @TheSlopStache: Sweet billionaire's failure! I felt really lucky to see this enormous meteor over Seattle tonight, and then found out la‚Ä¶"
Fri Mar 26 06:40:49 +0000 2021,RT @AstroJordy: @elonmusk https://t.co/qiQN16NlI5
Fri Mar 26 06:40:49 +0000 2021,RT @elonmusk: Mars rover looking back https://t.co/oaFOCezRuU
Fri Mar 26 06:40:49 +0000 2021,"RT @PPathole: In 2008, @elonmusk had to borrow money from friends for paying his rent. He basically invested all the money he had from PayP‚Ä¶"
Fri Mar 26 06:40:49 +0000 2021,"RT @CryptoFuturama: One day @elonmusk will talk about #drctoken for sure, because the best SOV actually and greatest #Ethereum project."
Fri Mar 26 06:40:49 +0000 2021,RT @bzdarling: Me at Tesla showroom with $1375 and an eighth https://t.co/ctaZQYRxzl
Fri Mar 26 06:40:49 +0000 2021,RT @elonmusk: You can now buy a Tesla with Bitcoin
Fri Mar 26 06:40:51 +0000 2021,"RT @JunkoSu22993224: I'm giving away a Tesla Cyber Truck to celebrate @elonmusk accepting Bitcoin.

To enter and qualify you must have 1 Ch‚Ä¶"
Fri Mar 26 06:40:52 +0000 2021,"RT @mn_lastborn: J Cole - Some niggas make millions, other niggas make memes...

Elon Musk - making billions and memes.

J Cole - https://t‚Ä¶"
Fri Mar 26 06:40:52 +0000 2021,"RT @cryptoneo17: #giveaway 50$ or 1000 #DogeCoins 

RT and Follow @Amadogecom 

#dogearmy sells first Tesla for #dogecoin via @Amadogecom a‚Ä¶"
Fri Mar 26 06:40:53 +0000 2021,"RT @fajarwahyuAsli: Listing #doge on @coinbase 

@davidgokhshtein @elonmusk @dogecoin @DogecoinRise @dogecoin_devs #dogecoin https://t.co/f‚Ä¶"
Fri Mar 26 06:40:53 +0000 2021,"RT @maxkeiser: A Tesla is the new pizza 

10 years from now people will be amazed that someone spent a whole #Bitcoin for a Tesla"
Fri Mar 26 06:40:53 +0000 2021,RT @teslaownersSV: 9th launch and landing of the same rocket. It never gets old watching. @elonmusk https://t.co/gujEiWzZGG
Fri Mar 26 06:40:53 +0000 2021,RT @trevken: The number of people who caught Elon Musks failed Falcon 9 second stage rocket reentering the atmosphere and mistook it for a‚Ä¶
Fri Mar 26 06:40:54 +0000 2021,RT @nypost: Mysterious light show over Seattle was likely debris from SpaceX rocket https://t.co/09LyZCxYQv https://t.co/OLNcur56cT
Fri Mar 26 06:40:54 +0000 2021,"RT @BLaw: Elon Musk‚Äôs anti-union tweet was illegal, National Labor Relations Board ruled. https://t.co/OSCPuS1G3y"
Fri Mar 26 06:40:55 +0000 2021,"RT @Tesla: 6,000+ Superchargers across Europe ‚Äî at 600 locations and counting!

üì∏ by @EPavlic, @MinimalDuck &amp; @_better_e https://t.co/Yf36H‚Ä¶"
Fri Mar 26 06:40:55 +0000 2021,"RT @bobbyclee: Would you prefer the DUAL MOTOR AWD model for my #CyberTruck give-away? All wheel drive, 300+ mile range, and 0-60 mph in un‚Ä¶"
Fri Mar 26 06:40:56 +0000 2021,RT @bzdarling: Me at Tesla showroom with $1375 and an eighth https://t.co/ctaZQYRxzl
Fri Mar 26 06:40:56 +0000 2021,"RT @TheOnion: Elon Musk, Texas: Apartheid. https://t.co/xzOglJuRyV https://t.co/SSlqHlD3sM"
Fri Mar 26 06:40:56 +0000 2021,@refinableapp Would love to see @elonmusk and other celebrities make art here $FINE
Fri Mar 26 06:40:57 +0000 2021,"@AustinKellerman Mmm dive bar. Musk, tobacco, pine and yeast."
Fri Mar 26 06:40:57 +0000 2021,"What Musk has been doing is somehow market exclusive.  Not easy to enter!!!  While you all may admire his success, stay calm and think twice... not to gamble when money is just enough for food!!!"
Fri Mar 26 06:40:57 +0000 2021,@elonmusk What the musk?
Fri Mar 26 06:40:57 +0000 2021,"RT @elonmusk: @howlpolitically @TheOnion 2/2
My father &amp; his extended family have been dependent on financial support from my brother &amp; me‚Ä¶"
Fri Mar 26 06:40:58 +0000 2021,Do you think it's a good idea that we can buy a Tesla with Bitcoin?
